url,extracted_text,tokenized_text
https://i.redd.it/h3l7725404td1.jpeg,"“Whether you believe in God or not
does not matter so much, whether you
believe in Buddha or not does not
matter so much; as a Buddhist,
whether you believe in reincarnation
or not does not matter so much. You
must lead a good life. And a good life
does not mean just good food, good
clothes, good shelter. These are not
sufficient. A good motivation is what is
needed: compassion, without
dogmatism, without complicated
philosophy; just understanding that
others are human brothers and sisters
and respecting their rights and human
dignity.”

~DALAI LAMA

azquotes.com","['“', 'Whether', 'you', 'believe', 'in', 'God', 'or', 'not', 'does', 'not', 'matter', 'so', 'much', ',', 'whether', 'you', 'believe', 'in', 'Buddha', 'or', 'not', 'does', 'not', 'matter', 'so', 'much', ';', 'as', 'a', 'Buddhist', ',', 'whether', 'you', 'believe', 'in', 'reincarnation', 'or', 'not', 'does', 'not', 'matter', 'so', 'much', '.', 'You', 'must', 'lead', 'a', 'good', 'life', '.', 'And', 'a', 'good', 'life', 'does', 'not', 'mean', 'just', 'good', 'food', ',', 'good', 'clothes', ',', 'good', 'shelter', '.', 'These', 'are', 'not', 'sufficient', '.', 'A', 'good', 'motivation', 'is', 'what', 'is', 'needed', ':', 'compassion', ',', 'without', 'dogmatism', ',', 'without', 'complicated', 'philosophy', ';', 'just', 'understanding', 'that', 'others', 'are', 'human', 'brothers', 'and', 'sisters', 'and', 'respecting', 'their', 'rights', 'and', 'human', 'dignity.', '”', '~DALAI', 'LAMA', 'azquotes.com']"
https://i.redd.it/06tfxbehqfac1.jpeg,"«@ Zullie
A @ZullieTheWitch

If we found out reincarnation was
real and had a way to verifiably
track who a reincarnated person
was in a previous life, how long
would it take for companies to
make sure you inherited debt from
your previous lives?","['«', '@', 'Zullie', 'A', '@', 'ZullieTheWitch', 'If', 'we', 'found', 'out', 'reincarnation', 'was', 'real', 'and', 'had', 'a', 'way', 'to', 'verifiably', 'track', 'who', 'a', 'reincarnated', 'person', 'was', 'in', 'a', 'previous', 'life', ',', 'how', 'long', 'would', 'it', 'take', 'for', 'companies', 'to', 'make', 'sure', 'you', 'inherited', 'debt', 'from', 'your', 'previous', 'lives', '?']"
https://i.redd.it/hcif760s0xud1.png,"MEDITATION

SEE WHO
YOU REALLY y

io","['MEDITATION', 'SEE', 'WHO', 'YOU', 'REALLY', 'y', 'io']"
https://i.redd.it/spziqif9964d1.jpeg,"| am determined not to kill, not to let
others kill, and not to support any act
of killing in the world.

We should consume in such a way that
helps to reduce the
suffering of living *
beings. Andthat | i

way we can

preserve \ ss as
compassion in nae
our hearts. gat

~Thich Nhat Hanh","['|', 'am', 'determined', 'not', 'to', 'kill', ',', 'not', 'to', 'let', 'others', 'kill', ',', 'and', 'not', 'to', 'support', 'any', 'act', 'of', 'killing', 'in', 'the', 'world', '.', 'We', 'should', 'consume', 'in', 'such', 'a', 'way', 'that', 'helps', 'to', 'reduce', 'the', 'suffering', 'of', 'living', '*', 'beings', '.', 'Andthat', '|', 'i', 'way', 'we', 'can', 'preserve', '\\', 'ss', 'as', 'compassion', 'in', 'nae', 'our', 'hearts', '.', 'gat', '~Thich', 'Nhat', 'Hanh']"
https://i.redd.it/m7cz8xpiumnd1.jpeg,"reek

Talper tt
byages~ gee","['reek', 'Talper', 'tt', 'byages~', 'gee']"
https://i.redd.it/3h6wtzuheaed1.jpeg,"REINCARNATION

| get born

( & \

My incarnation if
expires before | learn orget my
all my lessons true identity

\ | get caught up in /

the drama of duality","['REINCARNATION', '|', 'get', 'born', '(', '&', '\\', 'My', 'incarnation', 'if', 'expires', 'before', '|', 'learn', 'orget', 'my', 'all', 'my', 'lessons', 'true', 'identity', '\\', '|', 'get', 'caught', 'up', 'in', '/', 'the', 'drama', 'of', 'duality']"
https://i.redd.it/8akkfehlsd8c1.jpeg,"SIDDHARTHA CLAUS. [7]
is Coming to town

He knows you're trapped in duality.
He knows you're not awake.

He wants you free of all desire.

So be free for nirvana's sake!

You better breathe deep and

just meditate.

You better achieve an enlightened
state.

www.zen-buddhism.net","['SIDDHARTHA', 'CLAUS', '.', '[', '7', ']', 'is', 'Coming', 'to', 'town', 'He', 'knows', 'you', ""'re"", 'trapped', 'in', 'duality', '.', 'He', 'knows', 'you', ""'re"", 'not', 'awake', '.', 'He', 'wants', 'you', 'free', 'of', 'all', 'desire', '.', 'So', 'be', 'free', 'for', 'nirvana', ""'s"", 'sake', '!', 'You', 'better', 'breathe', 'deep', 'and', 'just', 'meditate', '.', 'You', 'better', 'achieve', 'an', 'enlightened', 'state', '.', 'www.zen-buddhism.net']"
https://i.redd.it/oxhzw0nrxc3e1.jpeg,"eS

~ THE AFFAIRS OF THE WORLD

/ WILL GO ON Fi ER. :
DO NOT DELAY THE PRACTICE OF

; MEDITAION |","['eS', '~', 'THE', 'AFFAIRS', 'OF', 'THE', 'WORLD', '/', 'WILL', 'GO', 'ON', 'Fi', 'ER', '.', ':', 'DO', 'NOT', 'DELAY', 'THE', 'PRACTICE', 'OF', ';', 'MEDITAION', '|']"
https://i.redd.it/rr4snyfyhp8c1.png,"The Japanese say that every time we
share this smiling Buddha, we receive
money or very good news!","['The', 'Japanese', 'say', 'that', 'every', 'time', 'we', 'share', 'this', 'smiling', 'Buddha', ',', 'we', 'receive', 'money', 'or', 'very', 'good', 'news', '!']"
https://i.redd.it/elug2upc6pwd1.jpeg,"a it

5:57 A.M.

Unread messages

ponding to a
ir Page. View

comment.","['a', 'it', '5:57', 'A.M.', 'Unread', 'messages', 'ponding', 'to', 'a', 'ir', 'Page', '.', 'View', 'comment', '.']"
https://i.redd.it/zpjpivn8rvdd1.jpeg,"What do you do when you have :
Freed yourself of all decire except
the desire to be free from dedire?","['What', 'do', 'you', 'do', 'when', 'you', 'have', ':', 'Freed', 'yourself', 'of', 'all', 'decire', 'except', 'the', 'desire', 'to', 'be', 'free', 'from', 'dedire', '?']"
https://i.redd.it/ok88vr0m5kzd1.jpeg,"16:42 a > &

<

Photo

rabbitanatomy and velvetspetrichor

“Don’t let politics ruin your
relationships”

It’s funny how this is almost always said
by the same people who voted against
your rights.

I don’t feel comfortable around you. The
person that you voted for is
homophobic, racist, and hates women
and none of that was a dealbreaker for
you. It IS personal. We have a difference
in morals and I do feel differently about
you.

You cannot tell someone you love them
and then try to take their rights away.","['16:42', 'a', '>', '&', '<', 'Photo', 'rabbitanatomy', 'and', 'velvetspetrichor', '“', 'Don', '’', 't', 'let', 'politics', 'ruin', 'your', 'relationships', '”', 'It', '’', 's', 'funny', 'how', 'this', 'is', 'almost', 'always', 'said', 'by', 'the', 'same', 'people', 'who', 'voted', 'against', 'your', 'rights', '.', 'I', 'don', '’', 't', 'feel', 'comfortable', 'around', 'you', '.', 'The', 'person', 'that', 'you', 'voted', 'for', 'is', 'homophobic', ',', 'racist', ',', 'and', 'hates', 'women', 'and', 'none', 'of', 'that', 'was', 'a', 'dealbreaker', 'for', 'you', '.', 'It', 'IS', 'personal', '.', 'We', 'have', 'a', 'difference', 'in', 'morals', 'and', 'I', 'do', 'feel', 'differently', 'about', 'you', '.', 'You', 'can', 'not', 'tell', 'someone', 'you', 'love', 'them', 'and', 'then', 'try', 'to', 'take', 'their', 'rights', 'away', '.']"
https://i.redd.it/fpbzb0031v7c1.jpeg,"9:51 0) 5G @@)

(6) dzogchenyogi Qh eee

321 likes

dzogchenyogi Vividly present and awake, free from
concepts, through constant re-mindfulness
recognizing everything, wherever we are under all
circumstances and conditions, as the magical display
of rigpa; seeing through everything and never falling
prey to ego-clinging, attachment, and dualistic fixation,
nor to its further elaborations as the three poisons
(kleshas) and the eighty-four thousand defilements;
thus we maintain our primordial throne, like the
enlightened sovereign personifying intrinsic awareness,
Samantabhadra.

—Niachiil Khanna Rinnoacha & | ama Giirnva Dae

?7 2 8 6 @","['9:51', '0', ')', '5G', '@', '@', ')', '(', '6', ')', 'dzogchenyogi', 'Qh', 'eee', '321', 'likes', 'dzogchenyogi', 'Vividly', 'present', 'and', 'awake', ',', 'free', 'from', 'concepts', ',', 'through', 'constant', 're-mindfulness', 'recognizing', 'everything', ',', 'wherever', 'we', 'are', 'under', 'all', 'circumstances', 'and', 'conditions', ',', 'as', 'the', 'magical', 'display', 'of', 'rigpa', ';', 'seeing', 'through', 'everything', 'and', 'never', 'falling', 'prey', 'to', 'ego-clinging', ',', 'attachment', ',', 'and', 'dualistic', 'fixation', ',', 'nor', 'to', 'its', 'further', 'elaborations', 'as', 'the', 'three', 'poisons', '(', 'kleshas', ')', 'and', 'the', 'eighty-four', 'thousand', 'defilements', ';', 'thus', 'we', 'maintain', 'our', 'primordial', 'throne', ',', 'like', 'the', 'enlightened', 'sovereign', 'personifying', 'intrinsic', 'awareness', ',', 'Samantabhadra', '.', '—Niachiil', 'Khanna', 'Rinnoacha', '&', '|', 'ama', 'Giirnva', 'Dae', '?', '7', '2', '8', '6', '@']"
https://i.redd.it/5oacga0aj3ed1.png,"ENOUGH wWiTH THE GAMES—
HAVE YOU DONE YOUR
OM WORK ?

SUSANCAM.CA
SIX CHIX ©2022 King Features Syndicate, Inc. ©2022 S. Camilleri Konar","['ENOUGH', 'wWiTH', 'THE', 'GAMES—', 'HAVE', 'YOU', 'DONE', 'YOUR', 'OM', 'WORK', '?', 'SUSANCAM.CA', 'SIX', 'CHIX', '©2022', 'King', 'Features', 'Syndicate', ',', 'Inc.', '©2022', 'S.', 'Camilleri', 'Konar']"
https://i.redd.it/xzy4rfm6rchd1.jpeg,"Western theologians Buddhists

DEPENDENT ORIGINATION,
PALTTHE.WAVAINFINITE,

CAUSES! INFINITE EFFECTS:","['Western', 'theologians', 'Buddhists', 'DEPENDENT', 'ORIGINATION', ',', 'PALTTHE.WAVAINFINITE', ',', 'CAUSES', '!', 'INFINITE', 'EFFECTS', ':']"
https://i.redd.it/197vc47h4voc1.png,"Key

Parentheses, () = Other terms used
Italic, abc = Descriptive information
Asterisk, * = References another part of the diagram

Thin solid line = Links and branches of information
Thick solid line = larger groups of related topics
Dashed line = groups of items relating to one topic

Core topics:

Three refuges

The 4 Noble Truths

The 3 Characteristics of Existence
The 5 Aggregates of our experience
12 Links of Dependent Origination
The Noble 8-fold path

Nirvana

Parinirvana

-— Birth

|__ Aging

|__ Illness

[— Death

[— Sorrow

[-— Lamentation/Grief
[— Pain

|— Distress

-— Despair

Ordinary
Stress of stress

|— Union with the displeasing
-— Separation from the pleasing
'— Not getting what you want/desire

t— Change
Stress of being dependent and compounded

Clinging to the impermanent

Impermanence— — — —- - --------

Sunyata

(emptiness)(devoid) is the ageless,
universal body. It is the relative,
conditioned, interdependent,
interconnected, and interbeing.
Devoid of permanence.

Empty of reification.

| Note about Sunyata:
Sunyata is what experiences Sunyata.

t— for existence (emotions & thoughts)(formations)

| Accomplahed r— The characteris ofxtece FF Ursetifactoness 4+ Noimmutablesubstanceesit and none
| Fully enlightened (awakened) ! Dukkha ; (impersonality)(ownerlessness) ! underlies phenomena
Perfect in true knowledge and conduct (Stress, Suffering) Lack of inherent existence since all is i
publime worlds ' |_ Conditioned Existence process and of a composite nature 5
| Incomparable leader of persons to be tamed | All-pervasive subtle dissatisfaction arising from ee ee fl
| Teacher of celestial beings (deities /gods/ | aversion to and/or denial of the 3 Characteristics of F AAspect [— Solidity/weight 1
| other worldly beings) and humans I Existence, and our clinging to, attachment to, grasping 1_— The 5 Aggregates of our experience orm both i land \ \ spects (earth) . I
| Blessed 1 after, and/or identification with The 5 Aggregates (Mind & Body)(name & form) When this is (matter oth internal and external) (elements) [— Fluidity/cohesion \
\ fl understood, you realize self is a process and so our Feeling Tones ae (water) I
| Attained Nirvana (cessation of Dukkha) \ experience is impersonal. This allows us to (feeling) *see 12 Links of Dependent Origination [— Mobility/gasses 1
eee overcome/transcend the 8 Worldly Conditions. Perceptions (wind) 1
I (labels)(discrimination) ‘— Temperature/energy 1
I _— for sensuality/pleasure Fabrications (fire) 1
| |
|
|
|

Craving (becoming/existence) Consciousness :
Buddha (thirst) L_ for nonexistence (discernment)(awareness)(mind)
(enlightened teacher) (non-becoming/nonexistence) *see 12 Links of Dependent Origination
bee eee eee ee ee ee ee ee ee eee 1
Fignorance |
- of how t ly 4 noble truth:
Te etages I. har Thea Noble Tats wean beret Honan Ka
(Triple Gem) (the teaching) (4 sublime facts, 4 icati iti i i i F ‘See Right View
a | 12 Links of Di dent Originati (fabrications)(volition)(mental formations)(habitual tendencies)(habits) |
natural laws about the way — ennobling truths) inks of Dependent Sngination Consciousness + s. B. id their Obj
to end stress & sufferin (co-arising)(conditioned genesis) is —_ 6 Sense Bases and their Objects — —
9 (dependent arising) ~ iatising from the 6 senses &the six objects in three Feeling tones ___! Give rise to the 6 consciousnesses
Origin of Dukkha how the 5 Aggregates function to form Samsara Mind & Body Sn
(cause of stress) g9reg. (name & form) *see The 5 Aggregates : Sense: Sense Base: Consciousness: !
(reification of 6senses - - -- -------------------------- \ Eye ———— Sight (visual) Eye Consciousness (seeing) :
Sangha non-things) Contact - between object and the6 senses - - - - - - - - - ----------— ; Ear ———— Sound (auditory) —— Ear Consciousness (hearing) \
(community of students) FeelingTones — —- - - - - - -- ------------------- \ Nose Scent (olfactory) —— Nose Consciousness (smelling) \
' (feeling), pleasant, unpleasant or neutral/neither pleasant nor unpleasant , Tongue —— Taste (gustatory) —— Tongue Consciousness (tasting) \
U Craving \ Body Touch (tactile) Body Consciousness (touching) ;
I *see Origin of Dukkha \ Mind ——— Thoughts (mental) _ Mind Consciousness (mental cognition) ;
~o eee LLL LIL LLL LLL Attachment
i (clinging)(grasping) - to sensuality, habits and practices, views, and doctrines of the sel
' Noble Sangha Monastic Sangha LaySangha_ | __ (clinging)(grasping) - to sensuality, habits and practices, views, and doctrines of the self
fi I Becoming |
| stream-enterers Nuns Novice I - actions following old habits. because a being is not absolute, it is flux |
| once-returners Monks (house holder) ! Birth a a a ; 1
| non-returners Novice Nuns I - birth and/or rebirth into that identity — resulting in aversion to 1
| Arahants/Bodhisattvas Novice Monks ! 1 Aging Poo Ss 5
(clergy) 1 (old age), followed by illness/decay and death I amsara ae ; ;
! *see Right Knowled oy I boas ee ee ee ee Fr rrr rrr re (continuous flow), is life lived as: habits, compulsions,
: and Right liberation I — Greed impulses, urges, addictions, hostage to unconscious desires,
I I 3 fires (attachment/desire/passion/hoarding/pride/jealousy) chasing unnecessary pleasures needs, and impulses. It is the repeating cycle of conditioned
Hee eee ee J (vices) |_ Hatred existence as birth, life, death and rebirth.
Cessation of Dukkha (aversion/anger)avoiding necessary discomforts Rebirth
(cure of stress) L_ Delusion (reoccurrence) When you reify non-things and claim you exist
leads to Nirvana (confusion/Lack of discernment)confusing the essential with the unessential as a separate ego personality. This is not reincarnation.
* See Result (fruition) of
the Noble 8-fold path Hi \
. . -— Sensual Realm f— Meaven realm
Rebirth and the Realms of Existence (desire realm) (Devas)(heavenly mind) (Blissful mind)

The Noble 8-fold path
path to cessation

(states of becoming and planes of existence)
continuum of consciousness from one state of
mind into another. This is not reincarnation.

[— Fine-Material Realm
(form realm)
‘— Immaterial Realm

[— Human realm
(human mind)
-— Egorealm

(formless realm) *See Tranquility Meditation (Asuras)(egocentric mind)
[— Animal realm
(animal mind)
Conditioned Existence Unsatisfiable realm
*See Dukkha (Pretas)(hungry ghost mind)
Generosity Hell realm -
Virtue Destiny (Hell Beings)(hell realm)(rage mind)
(Right = wholesome, Renunciation (Past-action determinism)(predetermined) Note that Buddha isin every realm.
skillful, or harmonious) k Divine will Buddha nature is original and gets
r ‘arma . . . j . The 3 False Views (theistic determinism) (direction or intervention) covered by these states of mind.
(causality)(action) follows intention. It is realized Chance
Right View through speech, action, and livelihood. ~ a . ‘
(right understanding) (indeterminism or accidentalism)(random)(chaos)
The 4 Noble Truths Transcend:
*See Dharma Pleasure and Pain
8 Worldly Conditions Gain and Loss
(8 vicissitudes)(8 worldly winds) Praise and Blame
Fame and Shame
Wisdom _ _' ‘see 12 Links of Dependent Origination

(wisdom training) Dependent Origination

*see 12 Links of Dependent Origination

toward renunciation (detachment)
toward good will (koving-kindness)
toward compassion (harmlessness)

Right Intention

(right thought)

(right aspiration)
L Abandon:
Untimely
- False
Harsh

1
1
1
1
1
1
1
1 Rebirth and the Realms of Existence
Il
1
1
1
1
1
1
1

Foster:
Timely

True
Affectionate

Right Speech

|
| . ao Unbeneficial Beneficial .
I (right communication) (divisive) (harmonious) npetain rom
! (idle chatter) (meaningful) Ta ing Li e . . .
I Hateful / ill will — Good will Taking Things not given (stealing and Cheating)
, (abusive) (pleasant) Sexual Misconduct a
; \ Harmful Speech (wrong communication) Joe Rucker created this Dharma Chart.
Ethics — _! 5 Precepts see Right Speech ; ; It’s a work in progress; as I learn
(ethics training) : Right Action Taking Intoxicants - consumption leading to heedlessness Dharma this chart changes, expands,
(morality) \ Generosity and is refined.
1 10 Perfections Renunciation . .
fi Virtue This chart is not for sale ever, but
| Abstain from dealing in: Wisdom instead it’s for free distribution for the
| ; Weapons Energy purpose of helping everyone
\ Right Livelihood Living beings Resolution understand the Buddha's Dharma
. Meat including fish Patience (teaching).
Intoxicants Truthfulness
Poisons Kindness Version 25. 4/11/17
Equanimity
- to Prevent (avoid) arising of unarisen unwholesome states
| Right Effort Il 4Great Efforts to Abandon (overcome) arisen unwholesome states
! I to Arouse (develop) unarisen wholesome states
: I to Maintain and refine (perfect) arisen wholesome states
1
! I | | of Body *see The 5 Aggregates
' 1 4 Foundations of Mindfulness of Feeling Tones *see 12 Links of Dependent Origination
! I of Consciousness (discernment)(awareness)(mind) *se0 5 hind
- r— *see 5 hindrances
: ! 6 Sense Bases and their Objects of Mental Objects *see The 5 Aggregates
\ ! These give rise to the 6 consciousness ¥see 6 Sense Bases
' *see 12 Links of Dependent Origination Unifies the A
I Right Mindfulness ——_————————__ other factors *see 7 Factors for Awakening
I 7 Factors for Awakeni *see The 4 Noble Truths
‘actors for Awakenin,
: 9 Energy (effort) L Factors for
Rapture (joy) energizing
oe ; Insight into 4 Noble Truths L —Factors for
Mental Dis: ! line - ol Beyond mere knowledge; how Concentration | stilling energies
( re ann) : they apply on a direct level Equanimity
mental reninement
(meditation) : Good will
(concentration aspect) fi 4 Sublime Minds (koving-kindness)(friendliness)
I (4 sublime abidings) Compassion
1 (4 divine abodes) (harmlessness)
I (4 immesurables) Appreciation
| (sympathetic joy)(empathetic joy)
I Equanimity ial & sustained thought, bliss (rapture), happiness
I - 2nd - bliss (rapture), happiness
| Right Concentration Material Jhanas 3rd - happiness, equanimity Mundane path ,
I (collectedness)(calm - an (Fine-Material Attainments) are first 4 4th - equanimity Object meditation leads to access concentration.
abiding)(stilling the mind) Tranquility Meditation stages of concentration on the material Intention to decrease greed, ill will, and delusion
' 9 g (Jhana)(8 Stages of Concentration)
8 meditative states of absorption h-Di . f Infini
are meditation forms used to Immaterial Jhanas 5th - Dimension of Infinite Space

remove Defilements.

6th - Dimension of Infinite Consciousness
7th - Dimension of No-thingness
8th - Dimension of Neither Perception nor Non-perception

(Immaterial Attainments) are second 4 stages
of concentration on the immaterial.
Transcending bodily sensations, one enters the
5th Jhana. Each Jhana is then transcended and

Supra-Mundane path

Objectless meditation leads to cessation.
Intention to increase compassion, good will,
and insight

'— Defilements

one enters each successively.

10 Fetters

5 hindrances
Are hindrances to meditation

(clinging/craving/attachment)(mental clinging)
Aversion
(anger/hatred/ill-will)

Sleepiness
(sloth/torpor)
Restlessness
(distraction and worry)
Doubt of Dharma
(uncertainty/wavering)

'! (belief ina self)

Are what binds one to Dukkha

r 2, Doubt of Dharma
(uncertainty/wavering)
3. Attachment to rites and rituals
believing ritual alone leads to enlightenment \

4. Sensual desire
(sensual lust)
5. Anger or ill will

6. Attachment to material existence

(lust for material rebirth)

7. Attachment to immaterial existence
(lust for formless realm rebirth)

8. Conceit
(pride and jealousy)

9. Restlessness

10. Ignorance of the 4 noble truths

Right Knowledge

Right Liberation

Noble 8-fold Path results in the 9th and 10th path
elements. Combined they lead one through the
four final stages of fruition until Nirvana.

|
|
Result (fruition) of the Noble 8-fold path

The Final Stages of Fruition of the Path
Stream-entry
Removal of the first 3 fetters

Once-returning
Significant weakening of fetters 4th & 5th

Non-returning
Removal of the 1st through 5th fetters

Enlightenment

(awakening)(wisdom of emptiness)
Removal of the remaining 6-10th fetters
Notion of self drops away/dissolves. This is the
direct experience of cessation.

Nirvana

(cessation of Dukkha) is the experience of
cessation, and eventual Parinirvana is the
breakup of body at death.

While pleasure is preferred to pain, unending
(unyielding) pleasure is eventually painful. Relief
(cessation) is therefore preferable to both.","['Key', 'Parentheses', ',', '(', ')', '=', 'Other', 'terms', 'used', 'Italic', ',', 'abc', '=', 'Descriptive', 'information', 'Asterisk', ',', '*', '=', 'References', 'another', 'part', 'of', 'the', 'diagram', 'Thin', 'solid', 'line', '=', 'Links', 'and', 'branches', 'of', 'information', 'Thick', 'solid', 'line', '=', 'larger', 'groups', 'of', 'related', 'topics', 'Dashed', 'line', '=', 'groups', 'of', 'items', 'relating', 'to', 'one', 'topic', 'Core', 'topics', ':', 'Three', 'refuges', 'The', '4', 'Noble', 'Truths', 'The', '3', 'Characteristics', 'of', 'Existence', 'The', '5', 'Aggregates', 'of', 'our', 'experience', '12', 'Links', 'of', 'Dependent', 'Origination', 'The', 'Noble', '8-fold', 'path', 'Nirvana', 'Parinirvana', '-—', 'Birth', '|__', 'Aging', '|__', 'Illness', '[', '—', 'Death', '[', '—', 'Sorrow', '[', '-—', 'Lamentation/Grief', '[', '—', 'Pain', '|—', 'Distress', '-—', 'Despair', 'Ordinary', 'Stress', 'of', 'stress', '|—', 'Union', 'with', 'the', 'displeasing', '-—', 'Separation', 'from', 'the', 'pleasing', ""'—"", 'Not', 'getting', 'what', 'you', 'want/desire', 't—', 'Change', 'Stress', 'of', 'being', 'dependent', 'and', 'compounded', 'Clinging', 'to', 'the', 'impermanent', 'Impermanence—', '—', '—', '—-', '-', '--', '--', '--', '--', 'Sunyata', '(', 'emptiness', ')', '(', 'devoid', ')', 'is', 'the', 'ageless', ',', 'universal', 'body', '.', 'It', 'is', 'the', 'relative', ',', 'conditioned', ',', 'interdependent', ',', 'interconnected', ',', 'and', 'interbeing', '.', 'Devoid', 'of', 'permanence', '.', 'Empty', 'of', 'reification', '.', '|', 'Note', 'about', 'Sunyata', ':', 'Sunyata', 'is', 'what', 'experiences', 'Sunyata', '.', 't—', 'for', 'existence', '(', 'emotions', '&', 'thoughts', ')', '(', 'formations', ')', '|', 'Accomplahed', 'r—', 'The', 'characteris', 'ofxtece', 'FF', 'Ursetifactoness', '4+', 'Noimmutablesubstanceesit', 'and', 'none', '|', 'Fully', 'enlightened', '(', 'awakened', ')', '!', 'Dukkha', ';', '(', 'impersonality', ')', '(', 'ownerlessness', ')', '!', 'underlies', 'phenomena', 'Perfect', 'in', 'true', 'knowledge', 'and', 'conduct', '(', 'Stress', ',', 'Suffering', ')', 'Lack', 'of', 'inherent', 'existence', 'since', 'all', 'is', 'i', 'publime', 'worlds', ""'"", '|_', 'Conditioned', 'Existence', 'process', 'and', 'of', 'a', 'composite', 'nature', '5', '|', 'Incomparable', 'leader', 'of', 'persons', 'to', 'be', 'tamed', '|', 'All-pervasive', 'subtle', 'dissatisfaction', 'arising', 'from', 'ee', 'ee', 'fl', '|', 'Teacher', 'of', 'celestial', 'beings', '(', 'deities', '/gods/', '|', 'aversion', 'to', 'and/or', 'denial', 'of', 'the', '3', 'Characteristics', 'of', 'F', 'AAspect', '[', '—', 'Solidity/weight', '1', '|', 'other', 'worldly', 'beings', ')', 'and', 'humans', 'I', 'Existence', ',', 'and', 'our', 'clinging', 'to', ',', 'attachment', 'to', ',', 'grasping', '1_—', 'The', '5', 'Aggregates', 'of', 'our', 'experience', 'orm', 'both', 'i', 'land', '\\', '\\', 'spects', '(', 'earth', ')', '.', 'I', '|', 'Blessed', '1', 'after', ',', 'and/or', 'identification', 'with', 'The', '5', 'Aggregates', '(', 'Mind', '&', 'Body', ')', '(', 'name', '&', 'form', ')', 'When', 'this', 'is', '(', 'matter', 'oth', 'internal', 'and', 'external', ')', '(', 'elements', ')', '[', '—', 'Fluidity/cohesion', '\\', '\\', 'fl', 'understood', ',', 'you', 'realize', 'self', 'is', 'a', 'process', 'and', 'so', 'our', 'Feeling', 'Tones', 'ae', '(', 'water', ')', 'I', '|', 'Attained', 'Nirvana', '(', 'cessation', 'of', 'Dukkha', ')', '\\', 'experience', 'is', 'impersonal', '.', 'This', 'allows', 'us', 'to', '(', 'feeling', ')', '*', 'see', '12', 'Links', 'of', 'Dependent', 'Origination', '[', '—', 'Mobility/gasses', '1', 'eee', 'overcome/transcend', 'the', '8', 'Worldly', 'Conditions', '.', 'Perceptions', '(', 'wind', ')', '1', 'I', '(', 'labels', ')', '(', 'discrimination', ')', '‘', '—', 'Temperature/energy', '1', 'I', '_—', 'for', 'sensuality/pleasure', 'Fabrications', '(', 'fire', ')', '1', '|', '|', '|', '|', '|', 'Craving', '(', 'becoming/existence', ')', 'Consciousness', ':', 'Buddha', '(', 'thirst', ')', 'L_', 'for', 'nonexistence', '(', 'discernment', ')', '(', 'awareness', ')', '(', 'mind', ')', '(', 'enlightened', 'teacher', ')', '(', 'non-becoming/nonexistence', ')', '*', 'see', '12', 'Links', 'of', 'Dependent', 'Origination', 'bee', 'eee', 'eee', 'ee', 'ee', 'ee', 'ee', 'ee', 'ee', 'eee', '1', 'Fignorance', '|', '-', 'of', 'how', 't', 'ly', '4', 'noble', 'truth', ':', 'Te', 'etages', 'I.', 'har', 'Thea', 'Noble', 'Tats', 'wean', 'beret', 'Honan', 'Ka', '(', 'Triple', 'Gem', ')', '(', 'the', 'teaching', ')', '(', '4', 'sublime', 'facts', ',', '4', 'icati', 'iti', 'i', 'i', 'i', 'F', '‘', 'See', 'Right', 'View', 'a', '|', '12', 'Links', 'of', 'Di', 'dent', 'Originati', '(', 'fabrications', ')', '(', 'volition', ')', '(', 'mental', 'formations', ')', '(', 'habitual', 'tendencies', ')', '(', 'habits', ')', '|', 'natural', 'laws', 'about', 'the', 'way', '—', 'ennobling', 'truths', ')', 'inks', 'of', 'Dependent', 'Sngination', 'Consciousness', '+', 's.', 'B.', 'id', 'their', 'Obj', 'to', 'end', 'stress', '&', 'sufferin', '(', 'co-arising', ')', '(', 'conditioned', 'genesis', ')', 'is', '—_', '6', 'Sense', 'Bases', 'and', 'their', 'Objects', '—', '—', '9', '(', 'dependent', 'arising', ')', '~', 'iatising', 'from', 'the', '6', 'senses', '&', 'the', 'six', 'objects', 'in', 'three', 'Feeling', 'tones', '___', '!', 'Give', 'rise', 'to', 'the', '6', 'consciousnesses', 'Origin', 'of', 'Dukkha', 'how', 'the', '5', 'Aggregates', 'function', 'to', 'form', 'Samsara', 'Mind', '&', 'Body', 'Sn', '(', 'cause', 'of', 'stress', ')', 'g9reg', '.', '(', 'name', '&', 'form', ')', '*', 'see', 'The', '5', 'Aggregates', ':', 'Sense', ':', 'Sense', 'Base', ':', 'Consciousness', ':', '!', '(', 'reification', 'of', '6senses', '-', '-', '--', '--', '--', '--', '--', '--', '--', '--', '--', '--', '--', '--', '--', '--', '\\', 'Eye', '————', 'Sight', '(', 'visual', ')', 'Eye', 'Consciousness', '(', 'seeing', ')', ':', 'Sangha', 'non-things', ')', 'Contact', '-', 'between', 'object', 'and', 'the6', 'senses', '-', '-', '-', '-', '-', '-', '-', '-', '-', '--', '--', '--', '--', '--', '—', ';', 'Ear', '————', 'Sound', '(', 'auditory', ')', '——', 'Ear', 'Consciousness', '(', 'hearing', ')', '\\', '(', 'community', 'of', 'students', ')', 'FeelingTones', '—', '—-', '-', '-', '-', '-', '-', '--', '--', '--', '--', '--', '--', '--', '--', '--', '--', '-', '\\', 'Nose', 'Scent', '(', 'olfactory', ')', '——', 'Nose', 'Consciousness', '(', 'smelling', ')', '\\', ""'"", '(', 'feeling', ')', ',', 'pleasant', ',', 'unpleasant', 'or', 'neutral/neither', 'pleasant', 'nor', 'unpleasant', ',', 'Tongue', '——', 'Taste', '(', 'gustatory', ')', '——', 'Tongue', 'Consciousness', '(', 'tasting', ')', '\\', 'U', 'Craving', '\\', 'Body', 'Touch', '(', 'tactile', ')', 'Body', 'Consciousness', '(', 'touching', ')', ';', 'I', '*', 'see', 'Origin', 'of', 'Dukkha', '\\', 'Mind', '———', 'Thoughts', '(', 'mental', ')', '_', 'Mind', 'Consciousness', '(', 'mental', 'cognition', ')', ';', '~o', 'eee', 'LLL', 'LIL', 'LLL', 'LLL', 'Attachment', 'i', '(', 'clinging', ')', '(', 'grasping', ')', '-', 'to', 'sensuality', ',', 'habits', 'and', 'practices', ',', 'views', ',', 'and', 'doctrines', 'of', 'the', 'sel', ""'"", 'Noble', 'Sangha', 'Monastic', 'Sangha', 'LaySangha_', '|', '__', '(', 'clinging', ')', '(', 'grasping', ')', '-', 'to', 'sensuality', ',', 'habits', 'and', 'practices', ',', 'views', ',', 'and', 'doctrines', 'of', 'the', 'self', 'fi', 'I', 'Becoming', '|', '|', 'stream-enterers', 'Nuns', 'Novice', 'I', '-', 'actions', 'following', 'old', 'habits', '.', 'because', 'a', 'being', 'is', 'not', 'absolute', ',', 'it', 'is', 'flux', '|', '|', 'once-returners', 'Monks', '(', 'house', 'holder', ')', '!', 'Birth', 'a', 'a', 'a', ';', '1', '|', 'non-returners', 'Novice', 'Nuns', 'I', '-', 'birth', 'and/or', 'rebirth', 'into', 'that', 'identity', '—', 'resulting', 'in', 'aversion', 'to', '1', '|', 'Arahants/Bodhisattvas', 'Novice', 'Monks', '!', '1', 'Aging', 'Poo', 'Ss', '5', '(', 'clergy', ')', '1', '(', 'old', 'age', ')', ',', 'followed', 'by', 'illness/decay', 'and', 'death', 'I', 'amsara', 'ae', ';', ';', '!', '*', 'see', 'Right', 'Knowled', 'oy', 'I', 'boas', 'ee', 'ee', 'ee', 'ee', 'Fr', 'rrr', 'rrr', 're', '(', 'continuous', 'flow', ')', ',', 'is', 'life', 'lived', 'as', ':', 'habits', ',', 'compulsions', ',', ':', 'and', 'Right', 'liberation', 'I', '—', 'Greed', 'impulses', ',', 'urges', ',', 'addictions', ',', 'hostage', 'to', 'unconscious', 'desires', ',', 'I', 'I', '3', 'fires', '(', 'attachment/desire/passion/hoarding/pride/jealousy', ')', 'chasing', 'unnecessary', 'pleasures', 'needs', ',', 'and', 'impulses', '.', 'It', 'is', 'the', 'repeating', 'cycle', 'of', 'conditioned', 'Hee', 'eee', 'ee', 'J', '(', 'vices', ')', '|_', 'Hatred', 'existence', 'as', 'birth', ',', 'life', ',', 'death', 'and', 'rebirth', '.', 'Cessation', 'of', 'Dukkha', '(', 'aversion/anger', ')', 'avoiding', 'necessary', 'discomforts', 'Rebirth', '(', 'cure', 'of', 'stress', ')', 'L_', 'Delusion', '(', 'reoccurrence', ')', 'When', 'you', 'reify', 'non-things', 'and', 'claim', 'you', 'exist', 'leads', 'to', 'Nirvana', '(', 'confusion/Lack', 'of', 'discernment', ')', 'confusing', 'the', 'essential', 'with', 'the', 'unessential', 'as', 'a', 'separate', 'ego', 'personality', '.', 'This', 'is', 'not', 'reincarnation', '.', '*', 'See', 'Result', '(', 'fruition', ')', 'of', 'the', 'Noble', '8-fold', 'path', 'Hi', '\\', '.', '.', '-—', 'Sensual', 'Realm', 'f—', 'Meaven', 'realm', 'Rebirth', 'and', 'the', 'Realms', 'of', 'Existence', '(', 'desire', 'realm', ')', '(', 'Devas', ')', '(', 'heavenly', 'mind', ')', '(', 'Blissful', 'mind', ')', 'The', 'Noble', '8-fold', 'path', 'path', 'to', 'cessation', '(', 'states', 'of', 'becoming', 'and', 'planes', 'of', 'existence', ')', 'continuum', 'of', 'consciousness', 'from', 'one', 'state', 'of', 'mind', 'into', 'another', '.', 'This', 'is', 'not', 'reincarnation', '.', '[', '—', 'Fine-Material', 'Realm', '(', 'form', 'realm', ')', '‘', '—', 'Immaterial', 'Realm', '[', '—', 'Human', 'realm', '(', 'human', 'mind', ')', '-—', 'Egorealm', '(', 'formless', 'realm', ')', '*', 'See', 'Tranquility', 'Meditation', '(', 'Asuras', ')', '(', 'egocentric', 'mind', ')', '[', '—', 'Animal', 'realm', '(', 'animal', 'mind', ')', 'Conditioned', 'Existence', 'Unsatisfiable', 'realm', '*', 'See', 'Dukkha', '(', 'Pretas', ')', '(', 'hungry', 'ghost', 'mind', ')', 'Generosity', 'Hell', 'realm', '-', 'Virtue', 'Destiny', '(', 'Hell', 'Beings', ')', '(', 'hell', 'realm', ')', '(', 'rage', 'mind', ')', '(', 'Right', '=', 'wholesome', ',', 'Renunciation', '(', 'Past-action', 'determinism', ')', '(', 'predetermined', ')', 'Note', 'that', 'Buddha', 'isin', 'every', 'realm', '.', 'skillful', ',', 'or', 'harmonious', ')', 'k', 'Divine', 'will', 'Buddha', 'nature', 'is', 'original', 'and', 'gets', 'r', '‘', 'arma', '.', '.', '.', 'j', '.', 'The', '3', 'False', 'Views', '(', 'theistic', 'determinism', ')', '(', 'direction', 'or', 'intervention', ')', 'covered', 'by', 'these', 'states', 'of', 'mind', '.', '(', 'causality', ')', '(', 'action', ')', 'follows', 'intention', '.', 'It', 'is', 'realized', 'Chance', 'Right', 'View', 'through', 'speech', ',', 'action', ',', 'and', 'livelihood', '.', '~', 'a', '.', '‘', '(', 'right', 'understanding', ')', '(', 'indeterminism', 'or', 'accidentalism', ')', '(', 'random', ')', '(', 'chaos', ')', 'The', '4', 'Noble', 'Truths', 'Transcend', ':', '*', 'See', 'Dharma', 'Pleasure', 'and', 'Pain', '8', 'Worldly', 'Conditions', 'Gain', 'and', 'Loss', '(', '8', 'vicissitudes', ')', '(', '8', 'worldly', 'winds', ')', 'Praise', 'and', 'Blame', 'Fame', 'and', 'Shame', 'Wisdom', '_', '_', ""'"", '‘', 'see', '12', 'Links', 'of', 'Dependent', 'Origination', '(', 'wisdom', 'training', ')', 'Dependent', 'Origination', '*', 'see', '12', 'Links', 'of', 'Dependent', 'Origination', 'toward', 'renunciation', '(', 'detachment', ')', 'toward', 'good', 'will', '(', 'koving-kindness', ')', 'toward', 'compassion', '(', 'harmlessness', ')', 'Right', 'Intention', '(', 'right', 'thought', ')', '(', 'right', 'aspiration', ')', 'L', 'Abandon', ':', 'Untimely', '-', 'False', 'Harsh', '1', '1', '1', '1', '1', '1', '1', '1', 'Rebirth', 'and', 'the', 'Realms', 'of', 'Existence', 'Il', '1', '1', '1', '1', '1', '1', '1', 'Foster', ':', 'Timely', 'True', 'Affectionate', 'Right', 'Speech', '|', '|', '.', 'ao', 'Unbeneficial', 'Beneficial', '.', 'I', '(', 'right', 'communication', ')', '(', 'divisive', ')', '(', 'harmonious', ')', 'npetain', 'rom', '!', '(', 'idle', 'chatter', ')', '(', 'meaningful', ')', 'Ta', 'ing', 'Li', 'e', '.', '.', '.', 'I', 'Hateful', '/', 'ill', 'will', '—', 'Good', 'will', 'Taking', 'Things', 'not', 'given', '(', 'stealing', 'and', 'Cheating', ')', ',', '(', 'abusive', ')', '(', 'pleasant', ')', 'Sexual', 'Misconduct', 'a', ';', '\\', 'Harmful', 'Speech', '(', 'wrong', 'communication', ')', 'Joe', 'Rucker', 'created', 'this', 'Dharma', 'Chart', '.', 'Ethics', '—', '_', '!', '5', 'Precepts', 'see', 'Right', 'Speech', ';', ';', 'It', '’', 's', 'a', 'work', 'in', 'progress', ';', 'as', 'I', 'learn', '(', 'ethics', 'training', ')', ':', 'Right', 'Action', 'Taking', 'Intoxicants', '-', 'consumption', 'leading', 'to', 'heedlessness', 'Dharma', 'this', 'chart', 'changes', ',', 'expands', ',', '(', 'morality', ')', '\\', 'Generosity', 'and', 'is', 'refined', '.', '1', '10', 'Perfections', 'Renunciation', '.', '.', 'fi', 'Virtue', 'This', 'chart', 'is', 'not', 'for', 'sale', 'ever', ',', 'but', '|', 'Abstain', 'from', 'dealing', 'in', ':', 'Wisdom', 'instead', 'it', '’', 's', 'for', 'free', 'distribution', 'for', 'the', '|', ';', 'Weapons', 'Energy', 'purpose', 'of', 'helping', 'everyone', '\\', 'Right', 'Livelihood', 'Living', 'beings', 'Resolution', 'understand', 'the', 'Buddha', ""'s"", 'Dharma', '.', 'Meat', 'including', 'fish', 'Patience', '(', 'teaching', ')', '.', 'Intoxicants', 'Truthfulness', 'Poisons', 'Kindness', 'Version', '25', '.', '4/11/17', 'Equanimity', '-', 'to', 'Prevent', '(', 'avoid', ')', 'arising', 'of', 'unarisen', 'unwholesome', 'states', '|', 'Right', 'Effort', 'Il', '4Great', 'Efforts', 'to', 'Abandon', '(', 'overcome', ')', 'arisen', 'unwholesome', 'states', '!', 'I', 'to', 'Arouse', '(', 'develop', ')', 'unarisen', 'wholesome', 'states', ':', 'I', 'to', 'Maintain', 'and', 'refine', '(', 'perfect', ')', 'arisen', 'wholesome', 'states', '1', '!', 'I', '|', '|', 'of', 'Body', '*', 'see', 'The', '5', 'Aggregates', ""'"", '1', '4', 'Foundations', 'of', 'Mindfulness', 'of', 'Feeling', 'Tones', '*', 'see', '12', 'Links', 'of', 'Dependent', 'Origination', '!', 'I', 'of', 'Consciousness', '(', 'discernment', ')', '(', 'awareness', ')', '(', 'mind', ')', '*', 'se0', '5', 'hind', '-', 'r—', '*', 'see', '5', 'hindrances', ':', '!', '6', 'Sense', 'Bases', 'and', 'their', 'Objects', 'of', 'Mental', 'Objects', '*', 'see', 'The', '5', 'Aggregates', '\\', '!', 'These', 'give', 'rise', 'to', 'the', '6', 'consciousness', '¥see', '6', 'Sense', 'Bases', ""'"", '*', 'see', '12', 'Links', 'of', 'Dependent', 'Origination', 'Unifies', 'the', 'A', 'I', 'Right', 'Mindfulness', '——_————————__', 'other', 'factors', '*', 'see', '7', 'Factors', 'for', 'Awakening', 'I', '7', 'Factors', 'for', 'Awakeni', '*', 'see', 'The', '4', 'Noble', 'Truths', '‘', 'actors', 'for', 'Awakenin', ',', ':', '9', 'Energy', '(', 'effort', ')', 'L', 'Factors', 'for', 'Rapture', '(', 'joy', ')', 'energizing', 'oe', ';', 'Insight', 'into', '4', 'Noble', 'Truths', 'L', '—Factors', 'for', 'Mental', 'Dis', ':', '!', 'line', '-', 'ol', 'Beyond', 'mere', 'knowledge', ';', 'how', 'Concentration', '|', 'stilling', 'energies', '(', 're', 'ann', ')', ':', 'they', 'apply', 'on', 'a', 'direct', 'level', 'Equanimity', 'mental', 'reninement', '(', 'meditation', ')', ':', 'Good', 'will', '(', 'concentration', 'aspect', ')', 'fi', '4', 'Sublime', 'Minds', '(', 'koving-kindness', ')', '(', 'friendliness', ')', 'I', '(', '4', 'sublime', 'abidings', ')', 'Compassion', '1', '(', '4', 'divine', 'abodes', ')', '(', 'harmlessness', ')', 'I', '(', '4', 'immesurables', ')', 'Appreciation', '|', '(', 'sympathetic', 'joy', ')', '(', 'empathetic', 'joy', ')', 'I', 'Equanimity', 'ial', '&', 'sustained', 'thought', ',', 'bliss', '(', 'rapture', ')', ',', 'happiness', 'I', '-', '2nd', '-', 'bliss', '(', 'rapture', ')', ',', 'happiness', '|', 'Right', 'Concentration', 'Material', 'Jhanas', '3rd', '-', 'happiness', ',', 'equanimity', 'Mundane', 'path', ',', 'I', '(', 'collectedness', ')', '(', 'calm', '-', 'an', '(', 'Fine-Material', 'Attainments', ')', 'are', 'first', '4', '4th', '-', 'equanimity', 'Object', 'meditation', 'leads', 'to', 'access', 'concentration', '.', 'abiding', ')', '(', 'stilling', 'the', 'mind', ')', 'Tranquility', 'Meditation', 'stages', 'of', 'concentration', 'on', 'the', 'material', 'Intention', 'to', 'decrease', 'greed', ',', 'ill', 'will', ',', 'and', 'delusion', ""'"", '9', 'g', '(', 'Jhana', ')', '(', '8', 'Stages', 'of', 'Concentration', ')', '8', 'meditative', 'states', 'of', 'absorption', 'h-Di', '.', 'f', 'Infini', 'are', 'meditation', 'forms', 'used', 'to', 'Immaterial', 'Jhanas', '5th', '-', 'Dimension', 'of', 'Infinite', 'Space', 'remove', 'Defilements', '.', '6th', '-', 'Dimension', 'of', 'Infinite', 'Consciousness', '7th', '-', 'Dimension', 'of', 'No-thingness', '8th', '-', 'Dimension', 'of', 'Neither', 'Perception', 'nor', 'Non-perception', '(', 'Immaterial', 'Attainments', ')', 'are', 'second', '4', 'stages', 'of', 'concentration', 'on', 'the', 'immaterial', '.', 'Transcending', 'bodily', 'sensations', ',', 'one', 'enters', 'the', '5th', 'Jhana', '.', 'Each', 'Jhana', 'is', 'then', 'transcended', 'and', 'Supra-Mundane', 'path', 'Objectless', 'meditation', 'leads', 'to', 'cessation', '.', 'Intention', 'to', 'increase', 'compassion', ',', 'good', 'will', ',', 'and', 'insight', ""'—"", 'Defilements', 'one', 'enters', 'each', 'successively', '.', '10', 'Fetters', '5', 'hindrances', 'Are', 'hindrances', 'to', 'meditation', '(', 'clinging/craving/attachment', ')', '(', 'mental', 'clinging', ')', 'Aversion', '(', 'anger/hatred/ill-will', ')', 'Sleepiness', '(', 'sloth/torpor', ')', 'Restlessness', '(', 'distraction', 'and', 'worry', ')', 'Doubt', 'of', 'Dharma', '(', 'uncertainty/wavering', ')', ""'"", '!', '(', 'belief', 'ina', 'self', ')', 'Are', 'what', 'binds', 'one', 'to', 'Dukkha', 'r', '2', ',', 'Doubt', 'of', 'Dharma', '(', 'uncertainty/wavering', ')', '3', '.', 'Attachment', 'to', 'rites', 'and', 'rituals', 'believing', 'ritual', 'alone', 'leads', 'to', 'enlightenment', '\\', '4', '.', 'Sensual', 'desire', '(', 'sensual', 'lust', ')', '5', '.', 'Anger', 'or', 'ill', 'will', '6', '.', 'Attachment', 'to', 'material', 'existence', '(', 'lust', 'for', 'material', 'rebirth', ')', '7', '.', 'Attachment', 'to', 'immaterial', 'existence', '(', 'lust', 'for', 'formless', 'realm', 'rebirth', ')', '8', '.', 'Conceit', '(', 'pride', 'and', 'jealousy', ')', '9', '.', 'Restlessness', '10', '.', 'Ignorance', 'of', 'the', '4', 'noble', 'truths', 'Right', 'Knowledge', 'Right', 'Liberation', 'Noble', '8-fold', 'Path', 'results', 'in', 'the', '9th', 'and', '10th', 'path', 'elements', '.', 'Combined', 'they', 'lead', 'one', 'through', 'the', 'four', 'final', 'stages', 'of', 'fruition', 'until', 'Nirvana', '.', '|', '|', 'Result', '(', 'fruition', ')', 'of', 'the', 'Noble', '8-fold', 'path', 'The', 'Final', 'Stages', 'of', 'Fruition', 'of', 'the', 'Path', 'Stream-entry', 'Removal', 'of', 'the', 'first', '3', 'fetters', 'Once-returning', 'Significant', 'weakening', 'of', 'fetters', '4th', '&', '5th', 'Non-returning', 'Removal', 'of', 'the', '1st', 'through', '5th', 'fetters', 'Enlightenment', '(', 'awakening', ')', '(', 'wisdom', 'of', 'emptiness', ')', 'Removal', 'of', 'the', 'remaining', '6-10th', 'fetters', 'Notion', 'of', 'self', 'drops', 'away/dissolves', '.', 'This', 'is', 'the', 'direct', 'experience', 'of', 'cessation', '.', 'Nirvana', '(', 'cessation', 'of', 'Dukkha', ')', 'is', 'the', 'experience', 'of', 'cessation', ',', 'and', 'eventual', 'Parinirvana', 'is', 'the', 'breakup', 'of', 'body', 'at', 'death', '.', 'While', 'pleasure', 'is', 'preferred', 'to', 'pain', ',', 'unending', '(', 'unyielding', ')', 'pleasure', 'is', 'eventually', 'painful', '.', 'Relief', '(', 'cessation', ')', 'is', 'therefore', 'preferable', 'to', 'both', '.']"
https://i.redd.it/1g4w1pnv9x2e1.png,"You have one final test on your
path to spiritual enlightenment.

ce Stop hitting I’m fine. It’s
brother! I'll knit you a my 6th glass.
pink hat.","['You', 'have', 'one', 'final', 'test', 'on', 'your', 'path', 'to', 'spiritual', 'enlightenment', '.', 'ce', 'Stop', 'hitting', 'I', '’', 'm', 'fine', '.', 'It', '’', 's', 'brother', '!', 'I', ""'ll"", 'knit', 'you', 'a', 'my', '6th', 'glass', '.', 'pink', 'hat', '.']"
https://i.redd.it/vu1tcguno0cc1.jpeg,"“Qur consumer society promises
happiness by getting more and more.
But the Buddha said this is like
drinking salty water — the more
we drink the thirstier we become.
Spirituality advises us that true
satisfaction comes from letting
go and simplifying — cultivating
contentment and appreciation for
what we already have.”

Jetsunma Tenzin Palmo, Buddhist nun and founder of the Dongyu
Gatsal Ling Nunnery for Himalayan women in northern India

Hear the full recording Enter on handset Scan on phone","['“', 'Qur', 'consumer', 'society', 'promises', 'happiness', 'by', 'getting', 'more', 'and', 'more', '.', 'But', 'the', 'Buddha', 'said', 'this', 'is', 'like', 'drinking', 'salty', 'water', '—', 'the', 'more', 'we', 'drink', 'the', 'thirstier', 'we', 'become', '.', 'Spirituality', 'advises', 'us', 'that', 'true', 'satisfaction', 'comes', 'from', 'letting', 'go', 'and', 'simplifying', '—', 'cultivating', 'contentment', 'and', 'appreciation', 'for', 'what', 'we', 'already', 'have.', '”', 'Jetsunma', 'Tenzin', 'Palmo', ',', 'Buddhist', 'nun', 'and', 'founder', 'of', 'the', 'Dongyu', 'Gatsal', 'Ling', 'Nunnery', 'for', 'Himalayan', 'women', 'in', 'northern', 'India', 'Hear', 'the', 'full', 'recording', 'Enter', 'on', 'handset', 'Scan', 'on', 'phone']"
https://i.redd.it/i1rqkty73r9c1.jpeg,"‘son who i was Wien | i
!and they'll have that
ion of me forever no
ow my change and

othing i can
do about it

Pe te 43.0K","['‘', 'son', 'who', 'i', 'was', 'Wien', '|', 'i', '!', 'and', 'they', ""'ll"", 'have', 'that', 'ion', 'of', 'me', 'forever', 'no', 'ow', 'my', 'change', 'and', 'othing', 'i', 'can', 'do', 'about', 'it', 'Pe', 'te', '43.0K']"
https://i.redd.it/o4ts375kwa2d1.jpeg,"* Yep rr
ag mela @ @ Follow
4 @melodaysong

i refer to this image in conversation at least

once amonth

The Universe pretending
to be individuals

The Universe","['*', 'Yep', 'rr', 'ag', 'mela', '@', '@', 'Follow', '4', '@', 'melodaysong', 'i', 'refer', 'to', 'this', 'image', 'in', 'conversation', 'at', 'least', 'once', 'amonth', 'The', 'Universe', 'pretending', 'to', 'be', 'individuals', 'The', 'Universe']"
https://i.redd.it/iwlb3276h5wd1.jpeg,"""A Buddhist Prayer of Forgiveness""

""If | have harmedanfene in any way
either knowingly U

| forgive myse
For all the ways that | harm myself,
negate, doubt, belittle myself,
judge or be unkind to myself
through my own confusions
| forgive myself.” osu","['``', 'A', 'Buddhist', 'Prayer', 'of', 'Forgiveness', ""''"", ""''"", 'If', '|', 'have', 'harmedanfene', 'in', 'any', 'way', 'either', 'knowingly', 'U', '|', 'forgive', 'myse', 'For', 'all', 'the', 'ways', 'that', '|', 'harm', 'myself', ',', 'negate', ',', 'doubt', ',', 'belittle', 'myself', ',', 'judge', 'or', 'be', 'unkind', 'to', 'myself', 'through', 'my', 'own', 'confusions', '|', 'forgive', 'myself.', '”', 'osu']"
https://i.redd.it/jrnumpiqq7ic1.jpeg,"My aggressively Buddhist
neighbor set out a Buddha statue
in his front yard, and my kids see
it every day. If | put a cross
necklace around the statue's neck
without damaging it, can | be held
liable?

VW ~e 2Q @ 000

Answer Follow Request Details More","['My', 'aggressively', 'Buddhist', 'neighbor', 'set', 'out', 'a', 'Buddha', 'statue', 'in', 'his', 'front', 'yard', ',', 'and', 'my', 'kids', 'see', 'it', 'every', 'day', '.', 'If', '|', 'put', 'a', 'cross', 'necklace', 'around', 'the', 'statue', ""'s"", 'neck', 'without', 'damaging', 'it', ',', 'can', '|', 'be', 'held', 'liable', '?', 'VW', '~e', '2Q', '@', '000', 'Answer', 'Follow', 'Request', 'Details', 'More']"
https://i.redd.it/dnlamgorrl2e1.jpeg,"BUDDHIST CHEATSHEET

minimal
Galpins

‘THE NOBLE EIGHTFOLD PATH
The Buddha tought that to
attain liberation one must practice
Wholesome:

5, Livelihood

6, Effort

1. View

2. Intention
3. Speech 7. Mindfulness

Action 8, Concentration

‘THE SIX WHOLESOME AND.

UNWHOLESOME ROOTS OF MIND

The mind is abways under the influence of

‘ne of these states

1. Generosity
2 tove
3. Wisdom

4, Greed
5. Hatred
6, Delusion

‘THE EIGHT VICISSITUDES
‘According to the Buddha, we will
‘experience these vicissitudes throughout our
lives no matter our intentions or actions

4. Pleasure and pain
2. Gain and loss

3, Praise and blame

4. Fame and disrepute

‘THE THREE KINDS OF SUFFERING
The Buddha taught thot we can
understand different kinds of suffering
‘through these three categories

1. The suffering of pain
2. The suffering of change
3. The suffering of conditionality

‘THE FOUR NOBLE TRUTHS:
This was the Buddho’s first and
fundamental teaching about the nature
‘of our experience and spiritual patentia!
1. Ordinary life brings about sutfering
2. The origin of suffering is attachment
3. The cessation of suffering is attainabl
4, Suffering can cease, by following the

Eighots Path
THE SIX SENSE DOORS AND THREE
FEELING TONES
Everything we experience comes through
these portals
1. Eye Seeing) 4. Tongue (Tasting)
2 Ear (Hearing) 5. Body Touching)

3. Nose (Smelling) 6. Mind
Experience i felt os one of three tones
4. Pleasant’ 2. Unpleasant_3. Neutral

‘THE FIVE PRECEPTS
‘An ethical fe is founded on these
standards of conduct

To refrain from

1 killing

2 Stealing

3, Sexual Misconduct

4, False, harsh, and idle speech
Intoxicants that cloud the mind

‘THE FIVE HINDRANCES
These are the classical hindrances
to meditation practice

1. Desire, clinging, craving,
2. Aversion, anger, hatred
3, Sleepiness, sloth

4, Restlessness

5, Doubt

‘THE SEVEN POINTS OF POSTURE
‘Attend to each ia turn when you frst take
Your meditation seat. f you become
‘uncomfortable while sitting, you may go
‘through these points again

1 Legs
2, Shoulders
3. Back
4. yes

5. Hands
6. Tongue
7. Mead

‘THE FOUR METTA PHRASES
‘Send loving kindness to yourself and

“thers by using these phrases or words
‘that have personal meaning for you

1. May be free from danger
2. May be happy

3. May !be healthy

4, May Hove with ease

THE FOUR BRAHMA-VIHARAS

These four “best abodes” reflect the
‘mind state of enlightenment

2. Loving Kindness,
2. Compassion

3. Joy

4, Equanimity

‘THE SIX STAGES OF METTA
Expand your circle of loving kindness by,
starting with yourself and moving
gradually outward

1, Yourself 4. A difficult person
2. Agoodtriend 5. Allfour
3. Aneutral person 6. The entire universe","['BUDDHIST', 'CHEATSHEET', 'minimal', 'Galpins', '‘', 'THE', 'NOBLE', 'EIGHTFOLD', 'PATH', 'The', 'Buddha', 'tought', 'that', 'to', 'attain', 'liberation', 'one', 'must', 'practice', 'Wholesome', ':', '5', ',', 'Livelihood', '6', ',', 'Effort', '1', '.', 'View', '2', '.', 'Intention', '3', '.', 'Speech', '7', '.', 'Mindfulness', 'Action', '8', ',', 'Concentration', '‘', 'THE', 'SIX', 'WHOLESOME', 'AND', '.', 'UNWHOLESOME', 'ROOTS', 'OF', 'MIND', 'The', 'mind', 'is', 'abways', 'under', 'the', 'influence', 'of', '‘', 'ne', 'of', 'these', 'states', '1', '.', 'Generosity', '2', 'tove', '3', '.', 'Wisdom', '4', ',', 'Greed', '5', '.', 'Hatred', '6', ',', 'Delusion', '‘', 'THE', 'EIGHT', 'VICISSITUDES', '‘', 'According', 'to', 'the', 'Buddha', ',', 'we', 'will', '‘', 'experience', 'these', 'vicissitudes', 'throughout', 'our', 'lives', 'no', 'matter', 'our', 'intentions', 'or', 'actions', '4', '.', 'Pleasure', 'and', 'pain', '2', '.', 'Gain', 'and', 'loss', '3', ',', 'Praise', 'and', 'blame', '4', '.', 'Fame', 'and', 'disrepute', '‘', 'THE', 'THREE', 'KINDS', 'OF', 'SUFFERING', 'The', 'Buddha', 'taught', 'thot', 'we', 'can', 'understand', 'different', 'kinds', 'of', 'suffering', '‘', 'through', 'these', 'three', 'categories', '1', '.', 'The', 'suffering', 'of', 'pain', '2', '.', 'The', 'suffering', 'of', 'change', '3', '.', 'The', 'suffering', 'of', 'conditionality', '‘', 'THE', 'FOUR', 'NOBLE', 'TRUTHS', ':', 'This', 'was', 'the', 'Buddho', '’', 's', 'first', 'and', 'fundamental', 'teaching', 'about', 'the', 'nature', '‘', 'of', 'our', 'experience', 'and', 'spiritual', 'patentia', '!', '1', '.', 'Ordinary', 'life', 'brings', 'about', 'sutfering', '2', '.', 'The', 'origin', 'of', 'suffering', 'is', 'attachment', '3', '.', 'The', 'cessation', 'of', 'suffering', 'is', 'attainabl', '4', ',', 'Suffering', 'can', 'cease', ',', 'by', 'following', 'the', 'Eighots', 'Path', 'THE', 'SIX', 'SENSE', 'DOORS', 'AND', 'THREE', 'FEELING', 'TONES', 'Everything', 'we', 'experience', 'comes', 'through', 'these', 'portals', '1', '.', 'Eye', 'Seeing', ')', '4', '.', 'Tongue', '(', 'Tasting', ')', '2', 'Ear', '(', 'Hearing', ')', '5', '.', 'Body', 'Touching', ')', '3', '.', 'Nose', '(', 'Smelling', ')', '6', '.', 'Mind', 'Experience', 'i', 'felt', 'os', 'one', 'of', 'three', 'tones', '4', '.', 'Pleasant', '’', '2', '.', 'Unpleasant_3', '.', 'Neutral', '‘', 'THE', 'FIVE', 'PRECEPTS', '‘', 'An', 'ethical', 'fe', 'is', 'founded', 'on', 'these', 'standards', 'of', 'conduct', 'To', 'refrain', 'from', '1', 'killing', '2', 'Stealing', '3', ',', 'Sexual', 'Misconduct', '4', ',', 'False', ',', 'harsh', ',', 'and', 'idle', 'speech', 'Intoxicants', 'that', 'cloud', 'the', 'mind', '‘', 'THE', 'FIVE', 'HINDRANCES', 'These', 'are', 'the', 'classical', 'hindrances', 'to', 'meditation', 'practice', '1', '.', 'Desire', ',', 'clinging', ',', 'craving', ',', '2', '.', 'Aversion', ',', 'anger', ',', 'hatred', '3', ',', 'Sleepiness', ',', 'sloth', '4', ',', 'Restlessness', '5', ',', 'Doubt', '‘', 'THE', 'SEVEN', 'POINTS', 'OF', 'POSTURE', '‘', 'Attend', 'to', 'each', 'ia', 'turn', 'when', 'you', 'frst', 'take', 'Your', 'meditation', 'seat', '.', 'f', 'you', 'become', '‘', 'uncomfortable', 'while', 'sitting', ',', 'you', 'may', 'go', '‘', 'through', 'these', 'points', 'again', '1', 'Legs', '2', ',', 'Shoulders', '3', '.', 'Back', '4.', 'yes', '5', '.', 'Hands', '6', '.', 'Tongue', '7', '.', 'Mead', '‘', 'THE', 'FOUR', 'METTA', 'PHRASES', '‘', 'Send', 'loving', 'kindness', 'to', 'yourself', 'and', '“', 'thers', 'by', 'using', 'these', 'phrases', 'or', 'words', '‘', 'that', 'have', 'personal', 'meaning', 'for', 'you', '1', '.', 'May', 'be', 'free', 'from', 'danger', '2', '.', 'May', 'be', 'happy', '3', '.', 'May', '!', 'be', 'healthy', '4', ',', 'May', 'Hove', 'with', 'ease', 'THE', 'FOUR', 'BRAHMA-VIHARAS', 'These', 'four', '“', 'best', 'abodes', '”', 'reflect', 'the', '‘', 'mind', 'state', 'of', 'enlightenment', '2', '.', 'Loving', 'Kindness', ',', '2', '.', 'Compassion', '3', '.', 'Joy', '4', ',', 'Equanimity', '‘', 'THE', 'SIX', 'STAGES', 'OF', 'METTA', 'Expand', 'your', 'circle', 'of', 'loving', 'kindness', 'by', ',', 'starting', 'with', 'yourself', 'and', 'moving', 'gradually', 'outward', '1', ',', 'Yourself', '4', '.', 'A', 'difficult', 'person', '2', '.', 'Agoodtriend', '5', '.', 'Allfour', '3', '.', 'Aneutral', 'person', '6', '.', 'The', 'entire', 'universe']"
https://i.redd.it/yt36liagvddc1.jpeg,"(32)
TAREE Serer
\ SSTARS S955 gH ag Ry
s) Bey gergereey edgy

, WIS WR AC tie 3e
| hom He FSA 3
SAPS FS AR ZIT SH
AN si GB 7 RH FIT ©

No

j If you are driven by disturbing aananiaa
nf “nd talk about another bodhisattva’s
5 aults, it is actually to your own
of p | een So, don’t mention the faults
Z Roan V, ""hose who have entered the Great
a of “hicle, This is the way of a bodhisattva.
a

35","['(', '32', ')', 'TAREE', 'Serer', '\\', 'SSTARS', 'S955', 'gH', 'ag', 'Ry', 's', ')', 'Bey', 'gergereey', 'edgy', ',', 'WIS', 'WR', 'AC', 'tie', '3e', '|', 'hom', 'He', 'FSA', '3', 'SAPS', 'FS', 'AR', 'ZIT', 'SH', 'AN', 'si', 'GB', '7', 'RH', 'FIT', '©', 'No', 'j', 'If', 'you', 'are', 'driven', 'by', 'disturbing', 'aananiaa', 'nf', '“', 'nd', 'talk', 'about', 'another', 'bodhisattva', '’', 's', '5', 'aults', ',', 'it', 'is', 'actually', 'to', 'your', 'own', 'of', 'p', '|', 'een', 'So', ',', 'don', '’', 't', 'mention', 'the', 'faults', 'Z', 'Roan', 'V', ',', '``', 'hose', 'who', 'have', 'entered', 'the', 'Great', 'a', 'of', '“', 'hicle', ',', 'This', 'is', 'the', 'way', 'of', 'a', 'bodhisattva', '.', 'a', '35']"
https://i.redd.it/6obbxayyk7kd1.jpeg,"“Choose not to be
harmed—and you won't
feel harmed. Don't feel
harmed—and you
haven’t been.”

~MARCUS AURELIUS

Qi V7","['“', 'Choose', 'not', 'to', 'be', 'harmed—and', 'you', 'wo', ""n't"", 'feel', 'harmed', '.', 'Do', ""n't"", 'feel', 'harmed—and', 'you', 'haven', '’', 't', 'been.', '”', '~MARCUS', 'AURELIUS', 'Qi', 'V7']"
https://i.redd.it/opuslm98e2yc1.jpeg,"SS.

,
i

oo “=

MAAS

LNT ewe, ‘ng
ARG HE VOR a

Mag REVERT
, 0 wpEconmEeT
Mae Nurture People inepire Ghange
Mitre ty,
Tr,
7
i
‘SEAN aD

—_= Cd i CFI CLETET OY OF

ame Me Pm  —— =
J lg Sinaia","['SS', '.', ',', 'i', 'oo', '“', '=', 'MAAS', 'LNT', 'ewe', ',', '‘', 'ng', 'ARG', 'HE', 'VOR', 'a', 'Mag', 'REVERT', ',', '0', 'wpEconmEeT', 'Mae', 'Nurture', 'People', 'inepire', 'Ghange', 'Mitre', 'ty', ',', 'Tr', ',', '7', 'i', '‘', 'SEAN', 'aD', '—_=', 'Cd', 'i', 'CFI', 'CLETET', 'OY', 'OF', 'ame', 'Me', 'Pm', '——', '=', 'J', 'lg', 'Sinaia']"
https://i.redd.it/yfbaf9gnzadc1.jpeg,"—

: 6
j : ig 7 : q
/ 7g ; |
} \S 2 :
: 4 : L x“ : :
é = ‘
~ =—y\
| = fine SN \
= + # \ | Y
é ; \
aN |
‘
‘ : ———
ry 2 OLS = -

/

= ee > = = i
> C / 4, yy /
. 4 a 1, ‘A
? Jy NG “to Mae ij yy / f pu — .
| Su DD‘ aarceeatsa CX
pe Oe > ND) Ni’ eee) O47
RO Es MI Pe)","['—', ':', '6', 'j', ':', 'ig', '7', ':', 'q', '/', '7g', ';', '|', '}', '\\S', '2', ':', ':', '4', ':', 'L', 'x', '“', ':', ':', 'é', '=', '‘', '~', '=—y\\', '|', '=', 'fine', 'SN', '\\', '=', '+', '#', '\\', '|', 'Y', 'é', ';', '\\', 'aN', '|', '‘', '‘', ':', '———', 'ry', '2', 'OLS', '=', '-', '/', '=', 'ee', '>', '=', '=', 'i', '>', 'C', '/', '4', ',', 'yy', '/', '.', '4', 'a', '1', ',', '‘', 'A', '?', 'Jy', 'NG', '“', 'to', 'Mae', 'ij', 'yy', '/', 'f', 'pu', '—', '.', '|', 'Su', 'DD', '‘', 'aarceeatsa', 'CX', 'pe', 'Oe', '>', 'ND', ')', 'Ni', '’', 'eee', ')', 'O47', 'RO', 'Es', 'MI', 'Pe', ')']"
https://i.redd.it/ipoc7tf9qs0d1.png,"All philosophies are
mental fabrications.
There has never

been a single doctrine
by which one could
enter the true essence
of things.

NAGARJUNA

@non_dualism","['All', 'philosophies', 'are', 'mental', 'fabrications', '.', 'There', 'has', 'never', 'been', 'a', 'single', 'doctrine', 'by', 'which', 'one', 'could', 'enter', 'the', 'true', 'essence', 'of', 'things', '.', 'NAGARJUNA', '@', 'non_dualism']"
https://i.redd.it/ynejf8sovdbd1.png,"If you’re eating alone, promise yourself just to
eat and to be with the food, and not to read or
listen to the radio during the meal. If you’re
eating with others, take the time to really look at
each of them and smile. Sitting at the table with
other people is a chance to offer an authentic
smile of friendship and understanding. It’s very
easy, but not many people do it. To me, the most
important part of the practice is to look at each
person and smile. If people eating together
cannot smile at each other, then something
isn’t right.

- Thich Nhat Hanh
Thich Nhat Hanh gems","['If', 'you', '’', 're', 'eating', 'alone', ',', 'promise', 'yourself', 'just', 'to', 'eat', 'and', 'to', 'be', 'with', 'the', 'food', ',', 'and', 'not', 'to', 'read', 'or', 'listen', 'to', 'the', 'radio', 'during', 'the', 'meal', '.', 'If', 'you', '’', 're', 'eating', 'with', 'others', ',', 'take', 'the', 'time', 'to', 'really', 'look', 'at', 'each', 'of', 'them', 'and', 'smile', '.', 'Sitting', 'at', 'the', 'table', 'with', 'other', 'people', 'is', 'a', 'chance', 'to', 'offer', 'an', 'authentic', 'smile', 'of', 'friendship', 'and', 'understanding', '.', 'It', '’', 's', 'very', 'easy', ',', 'but', 'not', 'many', 'people', 'do', 'it', '.', 'To', 'me', ',', 'the', 'most', 'important', 'part', 'of', 'the', 'practice', 'is', 'to', 'look', 'at', 'each', 'person', 'and', 'smile', '.', 'If', 'people', 'eating', 'together', 'can', 'not', 'smile', 'at', 'each', 'other', ',', 'then', 'something', 'isn', '’', 't', 'right', '.', '-', 'Thich', 'Nhat', 'Hanh', 'Thich', 'Nhat', 'Hanh', 'gems']"
https://i.redd.it/w0r9afw06apc1.jpeg,"Iftar is organized for Muslims

in a Buddhist monastery in

Bangladesh

pie

SOuiree! Shaka Tribune | Photo:

Translated with (@} Google Lens","['Iftar', 'is', 'organized', 'for', 'Muslims', 'in', 'a', 'Buddhist', 'monastery', 'in', 'Bangladesh', 'pie', 'SOuiree', '!', 'Shaka', 'Tribune', '|', 'Photo', ':', 'Translated', 'with', '(', '@', '}', 'Google', 'Lens']"
https://i.redd.it/5jaqcesffg1e1.png,"aay
.

» ""a
4kA
pe Ht

5
>
>
;
3
3
s
4
4
4,
*,

>
>","['aay', '.', '»', '``', 'a', '4kA', 'pe', 'Ht', '5', '>', '>', ';', '3', '3', 's', '4', '4', '4', ',', '*', ',', '>', '>']"
https://i.redd.it/17tf87m743pd1.jpeg,"=) 's to those who love me,
and in co} and understanding I bow
reconcile myself
who have hurt me.

A Thich Nhat Hanh atte

\","['=', ')', ""'s"", 'to', 'those', 'who', 'love', 'me', ',', 'and', 'in', 'co', '}', 'and', 'understanding', 'I', 'bow', 'reconcile', 'myself', 'who', 'have', 'hurt', 'me', '.', 'A', 'Thich', 'Nhat', 'Hanh', 'atte', '\\']"
https://i.redd.it/r26wx7thnjnc1.png,"lig, ashy

eA, AG

rE or
oc","['lig', ',', 'ashy', 'eA', ',', 'AG', 'rE', 'or', 'oc']"
https://i.redd.it/7q5qwfbc2e7d1.jpeg,"THE TEACHINGS OF THE BUDDHA”

In the
Buddhas
Words

An Anthology of Discourses

from the Pali Canon

Edited and farnochieae by
Bhikkhu Bodhi

FOREWORD BY THE DALAT [aya","['THE', 'TEACHINGS', 'OF', 'THE', 'BUDDHA', '”', 'In', 'the', 'Buddhas', 'Words', 'An', 'Anthology', 'of', 'Discourses', 'from', 'the', 'Pali', 'Canon', 'Edited', 'and', 'farnochieae', 'by', 'Bhikkhu', 'Bodhi', 'FOREWORD', 'BY', 'THE', 'DALAT', '[', 'aya']"
https://i.redd.it/u6b0l7t5h95e1.jpeg,"Edited and introduced by

Bhikkhu Bodhi","['Edited', 'and', 'introduced', 'by', 'Bhikkhu', 'Bodhi']"
https://i.redd.it/06ial5i13pz01.jpg,"MEDITATION

a

AIGHT LETS Do THIS.

(SHUT UP NOW, MIND.

WHAT AM = GONNA
HAVE FOR BREAKPASTE

‘uit, aNd)

DRIFTING

wy Doz
aDpREss
SELF AS

“your?
WHAT WAS
THAT SOUNDE,

CRE eae

mebrtate IN THE
MORNING? TM TOO.
HUNGRY TO THING

ToL youre
NOT eUPPOSED)
To THINK.

Ge wast Yes

Bor Let THE

THOUGHTS
eo BY

Caare THAD
BREATHING
TECHNIQUE?,

eu can Have
BREAKFAST
WHEN YOURE

No Don't oO}
EVERYTHING
‘AT ONCE,

No at r6N'T,
REMOTELY,

MAYBE PROPER
BREATHING WOULD

NO IT WOULDN'T
AND STOP CALLING
ne You! YOURE.

REALLY
NEED TO
eat

Guat DOESNT
make ANY

Sror omamnaiy
EM NOT JORINGL

Try DOEENT

2007s HuNGER( THE LANDRY
“7 MAKES FORD
PRerect Sens

EVERYTHING:
1S MEDITATION

FO meDiTare 1S
7 TRY TO STL
YOUR MIND, AND,

WHERE DID
(Hear HATE,

Cer rt enowyCet iT GROW

RINGING IN YOUR
ter ir erow,

STOP CALLING
YOURSELF YO

Yous Done
rasan

fe oerwnteuy ;

Fmom THe Bou NOW YOURE

‘wae i IN
A BOOK?

THis 16 NOT
BALM MIND,

Twonver ip ~CRemnp vou
‘ALL THIS THINKING WEN DOES IT?
WILL MAKE ME

SENILE FASTER

Teweas vi
GONNA PUNCH
You

FINE, CALL ME
YOU, wHiaTeveR

SPEAKING WORDS
OF WISDOM.
aD Bont “6H

TELLING ME TO
STOP THINKING

ME, BITCH

a _®

Eckl eckt

Traine
was ALAN
warts,

FRE get ADDINE
MORE THOUGHTS,

WHAT DOES IT
EAN TO REMEMBER,
“SOMETHING?

Tae “moTHER
mar"" REALLY.

<a

TOOK AT AAAALL

Kika os mass Cnet Boone
Sp ene

Coan N° EC)
Grea i

Raa

ge OUI!","['MEDITATION', 'a', 'AIGHT', 'LETS', 'Do', 'THIS', '.', '(', 'SHUT', 'UP', 'NOW', ',', 'MIND', '.', 'WHAT', 'AM', '=', 'GON', 'NA', 'HAVE', 'FOR', 'BREAKPASTE', '‘', 'uit', ',', 'aNd', ')', 'DRIFTING', 'wy', 'Doz', 'aDpREss', 'SELF', 'AS', '“', 'your', '?', 'WHAT', 'WAS', 'THAT', 'SOUNDE', ',', 'CRE', 'eae', 'mebrtate', 'IN', 'THE', 'MORNING', '?', 'TM', 'TOO', '.', 'HUNGRY', 'TO', 'THING', 'ToL', 'youre', 'NOT', 'eUPPOSED', ')', 'To', 'THINK', '.', 'Ge', 'wast', 'Yes', 'Bor', 'Let', 'THE', 'THOUGHTS', 'eo', 'BY', 'Caare', 'THAD', 'BREATHING', 'TECHNIQUE', '?', ',', 'eu', 'can', 'Have', 'BREAKFAST', 'WHEN', 'YOURE', 'No', 'Do', ""n't"", 'oO', '}', 'EVERYTHING', '‘', 'AT', 'ONCE', ',', 'No', 'at', 'r6', ""N'T"", ',', 'REMOTELY', ',', 'MAYBE', 'PROPER', 'BREATHING', 'WOULD', 'NO', 'IT', 'WOULD', ""N'T"", 'AND', 'STOP', 'CALLING', 'ne', 'You', '!', 'YOURE', '.', 'REALLY', 'NEED', 'TO', 'eat', 'Guat', 'DOESNT', 'make', 'ANY', 'Sror', 'omamnaiy', 'EM', 'NOT', 'JORINGL', 'Try', 'DOEENT', '2007s', 'HuNGER', '(', 'THE', 'LANDRY', '“', '7', 'MAKES', 'FORD', 'PRerect', 'Sens', 'EVERYTHING', ':', '1S', 'MEDITATION', 'FO', 'meDiTare', '1S', '7', 'TRY', 'TO', 'STL', 'YOUR', 'MIND', ',', 'AND', ',', 'WHERE', 'DID', '(', 'Hear', 'HATE', ',', 'Cer', 'rt', 'enowyCet', 'iT', 'GROW', 'RINGING', 'IN', 'YOUR', 'ter', 'ir', 'erow', ',', 'STOP', 'CALLING', 'YOURSELF', 'YO', 'Yous', 'Done', 'rasan', 'fe', 'oerwnteuy', ';', 'Fmom', 'THe', 'Bou', 'NOW', 'YOURE', '‘', 'wae', 'i', 'IN', 'A', 'BOOK', '?', 'THis', '16', 'NOT', 'BALM', 'MIND', ',', 'Twonver', 'ip', '~CRemnp', 'vou', '‘', 'ALL', 'THIS', 'THINKING', 'WEN', 'DOES', 'IT', '?', 'WILL', 'MAKE', 'ME', 'SENILE', 'FASTER', 'Teweas', 'vi', 'GON', 'NA', 'PUNCH', 'You', 'FINE', ',', 'CALL', 'ME', 'YOU', ',', 'wHiaTeveR', 'SPEAKING', 'WORDS', 'OF', 'WISDOM', '.', 'aD', 'Bont', '“', '6H', 'TELLING', 'ME', 'TO', 'STOP', 'THINKING', 'ME', ',', 'BITCH', 'a', '_®', 'Eckl', 'eckt', 'Traine', 'was', 'ALAN', 'warts', ',', 'FRE', 'get', 'ADDINE', 'MORE', 'THOUGHTS', ',', 'WHAT', 'DOES', 'IT', 'EAN', 'TO', 'REMEMBER', ',', '“', 'SOMETHING', '?', 'Tae', '“', 'moTHER', 'mar', ""''"", 'REALLY', '.', '<', 'a', 'TOOK', 'AT', 'AAAALL', 'Kika', 'os', 'mass', 'Cnet', 'Boone', 'Sp', 'ene', 'Coan', 'N°', 'EC', ')', 'Grea', 'i', 'Raa', 'ge', 'OUI', '!']"
https://i.redd.it/n35i3djbm7uc1.jpeg,"The Buddha taught like thite:

Ananda, practice a lot!

Develope your practice constantly!
Then all your doubts,

all your uncertainties will vanish!
These doubts will never vanish
through thinking,

nor through theorising,

nor through speculation,

nor through discussion.

Nor will doubts disappear by not
doing anything.

All defilements will vanish,
through developing the heart,
through right practice only!
Oneself is master of oneself.

Who else can the master be?

By the training of oneself

one finds a master hard to find!

Seal aed erecee tena tteanr tethenficeeeiat aeetigsenesneteeocene ene ie - pitieoncaoinen
- toa a mE ae EPROPS AARDOP RPoNEERCSEDRI ; = —_ -
vi ‘i = eae ' SITE OR
ia 7 sor ress ferent ayn ets = sh. 3 nh
Saar re ae syreshnsreay ASRT’ sl Se mans 1 Sows : nance tury someane","['The', 'Buddha', 'taught', 'like', 'thite', ':', 'Ananda', ',', 'practice', 'a', 'lot', '!', 'Develope', 'your', 'practice', 'constantly', '!', 'Then', 'all', 'your', 'doubts', ',', 'all', 'your', 'uncertainties', 'will', 'vanish', '!', 'These', 'doubts', 'will', 'never', 'vanish', 'through', 'thinking', ',', 'nor', 'through', 'theorising', ',', 'nor', 'through', 'speculation', ',', 'nor', 'through', 'discussion', '.', 'Nor', 'will', 'doubts', 'disappear', 'by', 'not', 'doing', 'anything', '.', 'All', 'defilements', 'will', 'vanish', ',', 'through', 'developing', 'the', 'heart', ',', 'through', 'right', 'practice', 'only', '!', 'Oneself', 'is', 'master', 'of', 'oneself', '.', 'Who', 'else', 'can', 'the', 'master', 'be', '?', 'By', 'the', 'training', 'of', 'oneself', 'one', 'finds', 'a', 'master', 'hard', 'to', 'find', '!', 'Seal', 'aed', 'erecee', 'tena', 'tteanr', 'tethenficeeeiat', 'aeetigsenesneteeocene', 'ene', 'ie', '-', 'pitieoncaoinen', '-', 'toa', 'a', 'mE', 'ae', 'EPROPS', 'AARDOP', 'RPoNEERCSEDRI', ';', '=', '—_', '-', 'vi', '‘', 'i', '=', 'eae', ""'"", 'SITE', 'OR', 'ia', '7', 'sor', 'ress', 'ferent', 'ayn', 'ets', '=', 'sh', '.', '3', 'nh', 'Saar', 're', 'ae', 'syreshnsreay', 'ASRT', '’', 'sl', 'Se', 'mans', '1', 'Sows', ':', 'nance', 'tury', 'someane']"
https://i.redd.it/x4kms03bi6q61.png,"THE
BIRTHPLACE
OF BUDDHA
IS IN THE
COUNTRY
WITH THE
HIGHEST
PERCENTAGE
OF HINDUS
TODAY

St

THE
BIRTHPLACE

IS IN THE
COUNTRY
WITH THE
HIGHEST
RCENTAGE
OF JEWS
TODAY

OF CHRIST a“

if","['THE', 'BIRTHPLACE', 'OF', 'BUDDHA', 'IS', 'IN', 'THE', 'COUNTRY', 'WITH', 'THE', 'HIGHEST', 'PERCENTAGE', 'OF', 'HINDUS', 'TODAY', 'St', 'THE', 'BIRTHPLACE', 'IS', 'IN', 'THE', 'COUNTRY', 'WITH', 'THE', 'HIGHEST', 'RCENTAGE', 'OF', 'JEWS', 'TODAY', 'OF', 'CHRIST', 'a', '“', 'if']"
https://i.redd.it/bfb06j1h13od1.jpeg,"“Noble Path

The Heat Ecce i
of the Buddba’s
Original Teachings

ab
we

Texts compiled, introduced, and translated by

~ Bhikkhu Bodhi","['“', 'Noble', 'Path', 'The', 'Heat', 'Ecce', 'i', 'of', 'the', 'Buddba', '’', 's', 'Original', 'Teachings', 'ab', 'we', 'Texts', 'compiled', ',', 'introduced', ',', 'and', 'translated', 'by', '~', 'Bhikkhu', 'Bodhi']"
https://i.redd.it/n41gei9v011e1.jpeg,"9  Jetsunma Tenzin Palmo @ eg x
; y 8u.-6

Sometimes | would go to my Lama, Khamtrul
Rinpoche, and show him a passage | just could not
swallow. He would laugh and say, “Oh, come on!
You don't have to believe everything that's written
in the books or said in the sutras - it may not be
true.” At one time he said that a lot of what was
written in the books and in the sutras was a result
of the particular cultural accretions and
superstitions of that time. It's not eternal truth. It's
just what they happened to believe at that time,
and the Buddha couldn't be bothered to negate it
because it wasn’t very important.

- Jetsunma Tenzin Palmo

Photo: Jetsunma holding a statue of Khamtrul
Rinpoche, which was offered to her by Khenpo
Sonam Wangyan at a Long Life puja following the
DGL silver jubilee.

OO 1,2 duizend 56 opmerkingen","['9', 'Jetsunma', 'Tenzin', 'Palmo', '@', 'eg', 'x', ';', 'y', '8u.-6', 'Sometimes', '|', 'would', 'go', 'to', 'my', 'Lama', ',', 'Khamtrul', 'Rinpoche', ',', 'and', 'show', 'him', 'a', 'passage', '|', 'just', 'could', 'not', 'swallow', '.', 'He', 'would', 'laugh', 'and', 'say', ',', '“', 'Oh', ',', 'come', 'on', '!', 'You', 'do', ""n't"", 'have', 'to', 'believe', 'everything', 'that', ""'s"", 'written', 'in', 'the', 'books', 'or', 'said', 'in', 'the', 'sutras', '-', 'it', 'may', 'not', 'be', 'true.', '”', 'At', 'one', 'time', 'he', 'said', 'that', 'a', 'lot', 'of', 'what', 'was', 'written', 'in', 'the', 'books', 'and', 'in', 'the', 'sutras', 'was', 'a', 'result', 'of', 'the', 'particular', 'cultural', 'accretions', 'and', 'superstitions', 'of', 'that', 'time', '.', 'It', ""'s"", 'not', 'eternal', 'truth', '.', 'It', ""'s"", 'just', 'what', 'they', 'happened', 'to', 'believe', 'at', 'that', 'time', ',', 'and', 'the', 'Buddha', 'could', ""n't"", 'be', 'bothered', 'to', 'negate', 'it', 'because', 'it', 'wasn', '’', 't', 'very', 'important', '.', '-', 'Jetsunma', 'Tenzin', 'Palmo', 'Photo', ':', 'Jetsunma', 'holding', 'a', 'statue', 'of', 'Khamtrul', 'Rinpoche', ',', 'which', 'was', 'offered', 'to', 'her', 'by', 'Khenpo', 'Sonam', 'Wangyan', 'at', 'a', 'Long', 'Life', 'puja', 'following', 'the', 'DGL', 'silver', 'jubilee', '.', 'OO', '1,2', 'duizend', '56', 'opmerkingen']"
https://i.redd.it/51vbdgn66nnd1.jpeg,"Buddha Loves Me (Official Music Video) |
Buddhist Worship

167K views 3y ago #BuddhaSong ...more

© Buddhist Worship 7.96K

> 4.4K OD A> Share & Remix v Dow

#BuddhaSong #Lagurohani #BuddhistWorship

Buddhist Worship is a community of young
generations learning and sharing Buddha's
Teaching (Dharma) through arts and music.

Let's all praise & worship Buddha, for He has
found & taught the Truths to us.","['Buddha', 'Loves', 'Me', '(', 'Official', 'Music', 'Video', ')', '|', 'Buddhist', 'Worship', '167K', 'views', '3y', 'ago', '#', 'BuddhaSong', '...', 'more', '©', 'Buddhist', 'Worship', '7.96K', '>', '4.4K', 'OD', 'A', '>', 'Share', '&', 'Remix', 'v', 'Dow', '#', 'BuddhaSong', '#', 'Lagurohani', '#', 'BuddhistWorship', 'Buddhist', 'Worship', 'is', 'a', 'community', 'of', 'young', 'generations', 'learning', 'and', 'sharing', 'Buddha', ""'s"", 'Teaching', '(', 'Dharma', ')', 'through', 'arts', 'and', 'music', '.', 'Let', ""'s"", 'all', 'praise', '&', 'worship', 'Buddha', ',', 'for', 'He', 'has', 'found', '&', 'taught', 'the', 'Truths', 'to', 'us', '.']"
https://i.redd.it/2b7p1755jmmd1.jpeg,"=e

ee. Right. Later

\ I "" m 4 — =
y '\ win, "" ayy i
H } ae ry
hy»,  ~@
Vea i

me fhe. Noble Eightfold.

encores =e NE aie ol eee oo a

ee Right Effort

= —- 2 ae Ig At. eat lation.

-_

—_

|

=

wi

|

i","['=e', 'ee', '.', 'Right', '.', 'Later', '\\', 'I', '``', 'm', '4', '—', '=', 'y', ""'\\"", 'win', ',', '``', 'ayy', 'i', 'H', '}', 'ae', 'ry', 'hy', '»', ',', '~', '@', 'Vea', 'i', 'me', 'fhe', '.', 'Noble', 'Eightfold', '.', 'encores', '=e', 'NE', 'aie', 'ol', 'eee', 'oo', 'a', 'ee', 'Right', 'Effort', '=', '—-', '2', 'ae', 'Ig', 'At', '.', 'eat', 'lation', '.', '-_', '—_', '|', '=', 'wi', '|', 'i']"
https://i.redd.it/vd2i781c5u3e1.jpeg,"eee

| Buddha 15 bo stud on
“19 study te was CD eRe Tof ge
9 agg le oY
SSR SEPES, f
rm i ee Ch Fin Mey

—— si

ww
SI
& &
=
eS
—

‘

——y
>. ——
—
=
—=—
=
—}3
—yF
——k
—
+ Seeagead
—s
=
=
—g,

—
—
—
—=
—
—_—
—
—
—
.—
—
—
;—
—
—

MUI

it","['eee', '|', 'Buddha', '15', 'bo', 'stud', 'on', '“', '19', 'study', 'te', 'was', 'CD', 'eRe', 'Tof', 'ge', '9', 'agg', 'le', 'oY', 'SSR', 'SEPES', ',', 'f', 'rm', 'i', 'ee', 'Ch', 'Fin', 'Mey', '——', 'si', 'ww', 'SI', '&', '&', '=', 'eS', '—', '‘', '——y', '>', '.', '——', '—', '=', '—=—', '=', '—', '}', '3', '—yF', '——k', '—', '+', 'Seeagead', '—s', '=', '=', '—g', ',', '—', '—', '—', '—=', '—', '—_—', '—', '—', '—', '.—', '—', '—', ';', '—', '—', '—', 'MUI', 'it']"
https://i.redd.it/1sq0141s0oid1.jpeg,"\
unseen
_

&
neon einem

E e*
ioinecenemuiencttscniamensecneecaoun nine

NO-NONSENSE

TT
at

CLEAR ANSWERS
TO BURNING
QUESTIONS

ABOUT CORE
TEACHINGS

BUDDHIST

A
, ae
i","['\\', 'unseen', '_', '&', 'neon', 'einem', 'E', 'e', '*', 'ioinecenemuiencttscniamensecneecaoun', 'nine', 'NO-NONSENSE', 'TT', 'at', 'CLEAR', 'ANSWERS', 'TO', 'BURNING', 'QUESTIONS', 'ABOUT', 'CORE', 'TEACHINGS', 'BUDDHIST', 'A', ',', 'ae', 'i']"
https://i.redd.it/b1rk48fdtd2d1.jpeg,"Happy Bhuddha Purnima

TOP 20 Total Population
B U D D H I Ss M Cambodia 16,080,000

Distribution
95.9 %

FOLLOWING “= 65)961,000 92.0%

co U N TR I ES Myanmar jas 48,220,000

WITH POPULATION 2"" «tf 589,000

‘Note: If countries are ranked by their Sri Lanka (EI 15,571,000
Buddhist population, China holds the
top position, while Nepal is ranked 13th, Japan @

Laos Ki 5,030,000
Mongolia 1,801,000
Macao Fl 348,000
Taiwan Ga 11,705,000

Singapore"" 1,911,000
South Korea :@? 12,494,000
Hong Kong [ES 1,565,000
MalaysiaS= 6,720,000
Vietnam 11,979,000
Nepal 2,749,000
China Ei

qs Sizlodiapl North Korea ES 1,173,000
Q[oicIdioil Australia 37 650,000

India 9,980,000

Disclaimer Statement: This content is authorised bya 3rd party:

@O OO Merasepa | Source: World Data | As of 2023

89.0 %

75.3 %

70.2%

83,583,000 66.8%
66.8 %

53.0 %

50.0 %

49.0 %

33.9 %

24.2%

21.3 %

19.8 %

12.2%

8.0%

88,392,000 62%
45%

2.5%

0.7%

FACTS

Se","['Happy', 'Bhuddha', 'Purnima', 'TOP', '20', 'Total', 'Population', 'B', 'U', 'D', 'D', 'H', 'I', 'Ss', 'M', 'Cambodia', '16,080,000', 'Distribution', '95.9', '%', 'FOLLOWING', '“', '=', '65', ')', '961,000', '92.0', '%', 'co', 'U', 'N', 'TR', 'I', 'ES', 'Myanmar', 'jas', '48,220,000', 'WITH', 'POPULATION', '2', ""''"", '«', 'tf', '589,000', '‘', 'Note', ':', 'If', 'countries', 'are', 'ranked', 'by', 'their', 'Sri', 'Lanka', '(', 'EI', '15,571,000', 'Buddhist', 'population', ',', 'China', 'holds', 'the', 'top', 'position', ',', 'while', 'Nepal', 'is', 'ranked', '13th', ',', 'Japan', '@', 'Laos', 'Ki', '5,030,000', 'Mongolia', '1,801,000', 'Macao', 'Fl', '348,000', 'Taiwan', 'Ga', '11,705,000', 'Singapore', ""''"", '1,911,000', 'South', 'Korea', ':', '@', '?', '12,494,000', 'Hong', 'Kong', '[', 'ES', '1,565,000', 'MalaysiaS=', '6,720,000', 'Vietnam', '11,979,000', 'Nepal', '2,749,000', 'China', 'Ei', 'qs', 'Sizlodiapl', 'North', 'Korea', 'ES', '1,173,000', 'Q', '[', 'oicIdioil', 'Australia', '37', '650,000', 'India', '9,980,000', 'Disclaimer', 'Statement', ':', 'This', 'content', 'is', 'authorised', 'bya', '3rd', 'party', ':', '@', 'O', 'OO', 'Merasepa', '|', 'Source', ':', 'World', 'Data', '|', 'As', 'of', '2023', '89.0', '%', '75.3', '%', '70.2', '%', '83,583,000', '66.8', '%', '66.8', '%', '53.0', '%', '50.0', '%', '49.0', '%', '33.9', '%', '24.2', '%', '21.3', '%', '19.8', '%', '12.2', '%', '8.0', '%', '88,392,000', '62', '%', '45', '%', '2.5', '%', '0.7', '%', 'FACTS', 'Se']"
https://i.redd.it/mv3md6m6e8od1.jpeg,"Hi
' : | , become j
He is our friend swimming around in the changj e ill, and die, togethe
He is under the power of defilements [ik Nging cycles with ug T With us,
© us, ‘

le al =
He also has lust, hatred, and delusion, no le Ce he sometimes ene
He therefore errs sometimes, like us SS than we, }
He neither knows wh
y he was born
nor knows nibb;
al

na, just the Same as us.

le is stupid in some things like we used to b
fe.

thing: i i
is accordingly to his ow likes, the same as we
, Used to be.

be good, as
. well as we
who want even More to be good-out if
-outstanding-famous,

and mucl ie) oO} ust like u
e ers wi ver he has
h ome others whenever b a chance, just lik
fa iS

Nn attached to may things, just like us.

fe duty to suffer or die for us.

the same nation and religion.

tuously and abruptly just as we do.

be responsible for his own family. not for ours.
his own tastes and preferences.

choose anything (even a relion) for his own satisfaction.

share equally with us the public property.

be neurotic or mad as well as we.
m us.

the circumstances:
own disposition.

‘ask for help and sympathy fro
be forgiven by us according to
be socialist or libertarian in acco
be selfish before thinking of a
nt, equal to us, to be in this world.
ways, n° conflicts will oceur
[ndapan 8°

pasa
puddhad ___ Chaiva

dance with his

be mad Y goo unket gi us us.
d, drunk ly good deludedly good, and drown ]Ood, just like
g ig A","['Hi', ""'"", ':', '|', ',', 'become', 'j', 'He', 'is', 'our', 'friend', 'swimming', 'around', 'in', 'the', 'changj', 'e', 'ill', ',', 'and', 'die', ',', 'togethe', 'He', 'is', 'under', 'the', 'power', 'of', 'defilements', '[', 'ik', 'Nging', 'cycles', 'with', 'ug', 'T', 'With', 'us', ',', '©', 'us', ',', '‘', 'le', 'al', '=', 'He', 'also', 'has', 'lust', ',', 'hatred', ',', 'and', 'delusion', ',', 'no', 'le', 'Ce', 'he', 'sometimes', 'ene', 'He', 'therefore', 'errs', 'sometimes', ',', 'like', 'us', 'SS', 'than', 'we', ',', '}', 'He', 'neither', 'knows', 'wh', 'y', 'he', 'was', 'born', 'nor', 'knows', 'nibb', ';', 'al', 'na', ',', 'just', 'the', 'Same', 'as', 'us', '.', 'le', 'is', 'stupid', 'in', 'some', 'things', 'like', 'we', 'used', 'to', 'b', 'fe', '.', 'thing', ':', 'i', 'i', 'is', 'accordingly', 'to', 'his', 'ow', 'likes', ',', 'the', 'same', 'as', 'we', ',', 'Used', 'to', 'be', '.', 'be', 'good', ',', 'as', '.', 'well', 'as', 'we', 'who', 'want', 'even', 'More', 'to', 'be', 'good-out', 'if', '-outstanding-famous', ',', 'and', 'mucl', 'ie', ')', 'oO', '}', 'ust', 'like', 'u', 'e', 'ers', 'wi', 'ver', 'he', 'has', 'h', 'ome', 'others', 'whenever', 'b', 'a', 'chance', ',', 'just', 'lik', 'fa', 'iS', 'Nn', 'attached', 'to', 'may', 'things', ',', 'just', 'like', 'us', '.', 'fe', 'duty', 'to', 'suffer', 'or', 'die', 'for', 'us', '.', 'the', 'same', 'nation', 'and', 'religion', '.', 'tuously', 'and', 'abruptly', 'just', 'as', 'we', 'do', '.', 'be', 'responsible', 'for', 'his', 'own', 'family', '.', 'not', 'for', 'ours', '.', 'his', 'own', 'tastes', 'and', 'preferences', '.', 'choose', 'anything', '(', 'even', 'a', 'relion', ')', 'for', 'his', 'own', 'satisfaction', '.', 'share', 'equally', 'with', 'us', 'the', 'public', 'property', '.', 'be', 'neurotic', 'or', 'mad', 'as', 'well', 'as', 'we', '.', 'm', 'us', '.', 'the', 'circumstances', ':', 'own', 'disposition', '.', '‘', 'ask', 'for', 'help', 'and', 'sympathy', 'fro', 'be', 'forgiven', 'by', 'us', 'according', 'to', 'be', 'socialist', 'or', 'libertarian', 'in', 'acco', 'be', 'selfish', 'before', 'thinking', 'of', 'a', 'nt', ',', 'equal', 'to', 'us', ',', 'to', 'be', 'in', 'this', 'world', '.', 'ways', ',', 'n°', 'conflicts', 'will', 'oceur', '[', 'ndapan', '8°', 'pasa', 'puddhad', '___', 'Chaiva', 'dance', 'with', 'his', 'be', 'mad', 'Y', 'goo', 'unket', 'gi', 'us', 'us', '.', 'd', ',', 'drunk', 'ly', 'good', 'deludedly', 'good', ',', 'and', 'drown', ']', 'Ood', ',', 'just', 'like', 'g', 'ig', 'A']"
https://i.redd.it/kukks0qqai0e1.jpeg,"uc i |

Q hy } ae Went 7(((
A ay) yy) eae We","['uc', 'i', '|', 'Q', 'hy', '}', 'ae', 'Went', '7', '(', '(', '(', 'A', 'ay', ')', 'yy', ')', 'eae', 'We']"
https://i.redd.it/6s12gz2ybb4e1.jpeg,"61. If a traveller does not meet
with one who is his better, or his
equal, let him firmly keep to his
solitary journey; there is no com-
panionship with a fool.","['61', '.', 'If', 'a', 'traveller', 'does', 'not', 'meet', 'with', 'one', 'who', 'is', 'his', 'better', ',', 'or', 'his', 'equal', ',', 'let', 'him', 'firmly', 'keep', 'to', 'his', 'solitary', 'journey', ';', 'there', 'is', 'no', 'com-', 'panionship', 'with', 'a', 'fool', '.']"
https://i.redd.it/ylhetmm4j2qd1.jpeg,"This too will pass

=
——
N=]","['This', 'too', 'will', 'pass', '=', '——', 'N=', ']']"
https://i.redd.it/0s4vas17awud1.jpeg,"7 fed
=agD
~ J | :","['7', 'fed', '=agD', '~', 'J', '|', ':']"
https://i.redd.it/tyhpfwm6c02d1.jpeg,"ZEY

+)","['ZEY', '+', ')']"
https://i.redd.it/wwqahnfvwsuc1.png,"MONGOLIA

CENTRAL SIA Louw. _athesth CCE
Nous
Yungange

4th-Sth C. CE ena © Khanbaliq KOREA sth-sth @ CE
AFGNANISTAN

Belling *
Bamiyare Nor Sa

© Gandhara changat °

PAKISTAN

BACTRIA

5 Somapura

5 %
Guangzhou
*Sanchi Bum
GES sic. 5 Tth-Loth C. GHETNAM

aida = Bagan >
4 Laos
# Sri Ksetra fesue

INDIA ~*Amaravati

¢ kdn chipuram

PHILIPPINES:
doth c. CE

‘e Nfgappattinam
Surigao

eMihintale

Anuradhap uma
han dah rd C. BCE
@Mahagama

Maldives

Legend:
@ Important Buddhist sites

I Heartland of Buddhism, Ganges valley, India
6th to 4th Century BCE

Buddhist majority realm
Hstorical realm of Buddhist expansion

2 Sampaga
Bthic. cE

—> Early Buddhist schools
i.
at iy san -® Kalibukbule

—> Mahayana Fanon kalasan
Mende Seva” Bal

—> Theravada
—> Valrayana-Bntric

Posted in r/MapPorn by u/|deleted] @ reddit","['MONGOLIA', 'CENTRAL', 'SIA', 'Louw', '.', '_athesth', 'CCE', 'Nous', 'Yungange', '4th-Sth', 'C.', 'CE', 'ena', '©', 'Khanbaliq', 'KOREA', 'sth-sth', '@', 'CE', 'AFGNANISTAN', 'Belling', '*', 'Bamiyare', 'Nor', 'Sa', '©', 'Gandhara', 'changat', '°', 'PAKISTAN', 'BACTRIA', '5', 'Somapura', '5', '%', 'Guangzhou', '*', 'Sanchi', 'Bum', 'GES', 'sic', '.', '5', 'Tth-Loth', 'C.', 'GHETNAM', 'aida', '=', 'Bagan', '>', '4', 'Laos', '#', 'Sri', 'Ksetra', 'fesue', 'INDIA', '~', '*', 'Amaravati', '¢', 'kdn', 'chipuram', 'PHILIPPINES', ':', 'doth', 'c.', 'CE', '‘', 'e', 'Nfgappattinam', 'Surigao', 'eMihintale', 'Anuradhap', 'uma', 'han', 'dah', 'rd', 'C.', 'BCE', '@', 'Mahagama', 'Maldives', 'Legend', ':', '@', 'Important', 'Buddhist', 'sites', 'I', 'Heartland', 'of', 'Buddhism', ',', 'Ganges', 'valley', ',', 'India', '6th', 'to', '4th', 'Century', 'BCE', 'Buddhist', 'majority', 'realm', 'Hstorical', 'realm', 'of', 'Buddhist', 'expansion', '2', 'Sampaga', 'Bthic', '.', 'cE', '—', '>', 'Early', 'Buddhist', 'schools', 'i.', 'at', 'iy', 'san', '-®', 'Kalibukbule', '—', '>', 'Mahayana', 'Fanon', 'kalasan', 'Mende', 'Seva', '”', 'Bal', '—', '>', 'Theravada', '—', '>', 'Valrayana-Bntric', 'Posted', 'in', 'r/MapPorn', 'by', 'u/|deleted', ']', '@', 'reddit']"
https://i.redd.it/a01aigsagv4e1.jpeg,"-

mie
TT

jie:
TLL
me

yf 4

ane,

ETT Ly ‘
TT ten

MITT T TLL tT

Lfofen 77,

‘ .
>

)

y","['-', 'mie', 'TT', 'jie', ':', 'TLL', 'me', 'yf', '4', 'ane', ',', 'ETT', 'Ly', '‘', 'TT', 'ten', 'MITT', 'T', 'TLL', 'tT', 'Lfofen', '77', ',', '‘', '.', '>', ')', 'y']"
https://i.redd.it/8xk687z1othc1.jpeg,"VEW YORK TIMES BESTSELLER

IN A CHANGING WORLD

LASTING HAPPINESS

The Book of

JOY

DALAI LAMA

Archbishop

DESMOND TUTU

with

DOUGLAS ABRAMS","['VEW', 'YORK', 'TIMES', 'BESTSELLER', 'IN', 'A', 'CHANGING', 'WORLD', 'LASTING', 'HAPPINESS', 'The', 'Book', 'of', 'JOY', 'DALAI', 'LAMA', 'Archbishop', 'DESMOND', 'TUTU', 'with', 'DOUGLAS', 'ABRAMS']"
https://i.redd.it/88yma6g7bzec1.jpeg,a (OV,"['a', '(', 'OV']"
https://i.redd.it/wmai08twvgud1.jpeg,"fomea) fadtal ee
ran Fes
fan","['fomea', ')', 'fadtal', 'ee', 'ran', 'Fes', 'fan']"
https://i.redd.it/7buudjt6ipcc1.jpeg,"[NEVASANNANASANNAYATANA — wa
‘AKINCARNAYATANA
ViNNANAvicAVATANA

‘AKANITTHA =
oe suDDHAVASA

© suoAssi -

@ ATAPPA

@ AVIHA

© ASANNA SATTA

© VEHAPPHALA

© SUBHAKINNA enor
© APPAMANASUBHA 2 aap
© PaRiTTAsUBHA yey

3rd Ji Ps

O APPAMANABHA

© PanirTAgHA

2nd ina Plane

‘© MAHA BRAHA

CASAUA

‘NIMMANARATI

‘TUSITA

TAVATINSA
‘CATUMAHARAJIKA

[MANUSSA LOKA,

= hee","['[', 'NEVASANNANASANNAYATANA', '—', 'wa', '‘', 'AKINCARNAYATANA', 'ViNNANAvicAVATANA', '‘', 'AKANITTHA', '=', 'oe', 'suDDHAVASA', '©', 'suoAssi', '-', '@', 'ATAPPA', '@', 'AVIHA', '©', 'ASANNA', 'SATTA', '©', 'VEHAPPHALA', '©', 'SUBHAKINNA', 'enor', '©', 'APPAMANASUBHA', '2', 'aap', '©', 'PaRiTTAsUBHA', 'yey', '3rd', 'Ji', 'Ps', 'O', 'APPAMANABHA', '©', 'PanirTAgHA', '2nd', 'ina', 'Plane', '‘', '©', 'MAHA', 'BRAHA', 'CASAUA', '‘', 'NIMMANARATI', '‘', 'TUSITA', 'TAVATINSA', '‘', 'CATUMAHARAJIKA', '[', 'MANUSSA', 'LOKA', ',', '=', 'hee']"
https://i.redd.it/i26ve0968qvc1.jpeg,"When you keep the precepts,
restraint yourself, and do the
right thing for a long period of time,
you feel really good about yourself

RSP RE RAAT A, Ell, UTA SS,
Ries BOA RARE.","['When', 'you', 'keep', 'the', 'precepts', ',', 'restraint', 'yourself', ',', 'and', 'do', 'the', 'right', 'thing', 'for', 'a', 'long', 'period', 'of', 'time', ',', 'you', 'feel', 'really', 'good', 'about', 'yourself', 'RSP', 'RE', 'RAAT', 'A', ',', 'Ell', ',', 'UTA', 'SS', ',', 'Ries', 'BOA', 'RARE', '.']"
https://i.redd.it/q5njn7narged1.jpeg,ST POEM FOR TODAY,"['ST', 'POEM', 'FOR', 'TODAY']"
https://i.redd.it/ffkj3allsp8d1.jpeg,"BUDDHIST CHEATSHEET

THE NOBLE EIGHTFOLD PATH
The Buddha taught that to
attain liberation one must practice
Wholesome:

5. Livelihood
6. Effort
7, Mindfulness
8. Concentration

1. View

2. Intention
3. Speech
4. Action

THE SIX WHOLESOME AND
UNWHOLESOME ROOTS OF MIND

The mind is always under the influence of
one of these states

1, Generosity 4. Greed

2. Love 5. Hatred

3. Wisdom 6. Delusion
THE EIGHT VICISSITUDES

According to the Buddha, we will
experience these vicissitudes throughout our
lives no matter our intentions or actions

1. Pleasure and pain
2. Gain and loss

3, Praise and blame

4, Fame and disrepute

THE THREE KINDS OF SUFFERING
The Buddha taught that we can
understand different kinds of suffering
through these three categories

1. The suffering of pain
2. The suffering of change
3. The suffering of conditionality

THE FOUR NOBLE TRUTHS
This was the Buddha's first and

fundamental teaching about the nature
of our experience and spiritual potential
1, Ordinary life brings about suffering

2. The origin of suffering is attachment
3. The cessation of suffering is attainable
4, Suffering can cease, by following the

Eightfold Path
THE SIX SENSE DOORS AND THREE
FEELING TONES
Everything we experience comes through
these portals
1. Eye (Seeing) 4. Tongue (Tasting)
2. Ear (Hearing) 5. Body (Touching)
3. Nose (Smelling) 6. Mind
Experience is felt as one of three tones
1. Pleasant 2. Unpleasant 3. Neutral

THE FIVE PRECEPTS

An ethical life is founded on these
standards of conduct

To refrain from

1. Killing

2. Stealing

3. Sexual Misconduct

4, False, harsh, and idle speech

5. Intoxicants that cloud the mind

THE FIVE HINDRANCES

These are the classical hindrances
to meditation practice

1. Desire, clinging, craving
2. Aversion, anger, hatred
3. Sleepiness, sloth

4, Restlessness

5. Doubt

(minimal
edition)
THE SEVEN POINTS OF POSTURE

Attend to each in turn when you first take
your meditation seat. if you become
uncomfortable while sitting, you may go
through these points again

1. Legs 5S. Hands
2. Shoulders 6. Tongue
3. Back 7. Head
4. Eyes

THE FOUR METTA PHRASES

Send loving kindness to yourself and
others by using these phrases or words
that have personal meaning for you

1. May | be free from danger
2. May I be happy

3. May | be healthy

4. May | love with ease

THE FOUR BRAHMA-VIHARAS

These four “best abodes” reflect the
mind state of enlightenment

1. Loving Kindness
2. Compassion

3. Joy

4. Equanimity

THE SIX STAGES OF METTA

Expand your circle of loving kindness by
starting with yourself and moving

gradually outward
1. Yourself 4. Adifficult person
2. Agood friend 5. All four

3. Aneutral person 6. The entire universe","['BUDDHIST', 'CHEATSHEET', 'THE', 'NOBLE', 'EIGHTFOLD', 'PATH', 'The', 'Buddha', 'taught', 'that', 'to', 'attain', 'liberation', 'one', 'must', 'practice', 'Wholesome', ':', '5', '.', 'Livelihood', '6', '.', 'Effort', '7', ',', 'Mindfulness', '8', '.', 'Concentration', '1', '.', 'View', '2', '.', 'Intention', '3', '.', 'Speech', '4', '.', 'Action', 'THE', 'SIX', 'WHOLESOME', 'AND', 'UNWHOLESOME', 'ROOTS', 'OF', 'MIND', 'The', 'mind', 'is', 'always', 'under', 'the', 'influence', 'of', 'one', 'of', 'these', 'states', '1', ',', 'Generosity', '4', '.', 'Greed', '2', '.', 'Love', '5', '.', 'Hatred', '3', '.', 'Wisdom', '6', '.', 'Delusion', 'THE', 'EIGHT', 'VICISSITUDES', 'According', 'to', 'the', 'Buddha', ',', 'we', 'will', 'experience', 'these', 'vicissitudes', 'throughout', 'our', 'lives', 'no', 'matter', 'our', 'intentions', 'or', 'actions', '1', '.', 'Pleasure', 'and', 'pain', '2', '.', 'Gain', 'and', 'loss', '3', ',', 'Praise', 'and', 'blame', '4', ',', 'Fame', 'and', 'disrepute', 'THE', 'THREE', 'KINDS', 'OF', 'SUFFERING', 'The', 'Buddha', 'taught', 'that', 'we', 'can', 'understand', 'different', 'kinds', 'of', 'suffering', 'through', 'these', 'three', 'categories', '1', '.', 'The', 'suffering', 'of', 'pain', '2', '.', 'The', 'suffering', 'of', 'change', '3', '.', 'The', 'suffering', 'of', 'conditionality', 'THE', 'FOUR', 'NOBLE', 'TRUTHS', 'This', 'was', 'the', 'Buddha', ""'s"", 'first', 'and', 'fundamental', 'teaching', 'about', 'the', 'nature', 'of', 'our', 'experience', 'and', 'spiritual', 'potential', '1', ',', 'Ordinary', 'life', 'brings', 'about', 'suffering', '2', '.', 'The', 'origin', 'of', 'suffering', 'is', 'attachment', '3', '.', 'The', 'cessation', 'of', 'suffering', 'is', 'attainable', '4', ',', 'Suffering', 'can', 'cease', ',', 'by', 'following', 'the', 'Eightfold', 'Path', 'THE', 'SIX', 'SENSE', 'DOORS', 'AND', 'THREE', 'FEELING', 'TONES', 'Everything', 'we', 'experience', 'comes', 'through', 'these', 'portals', '1', '.', 'Eye', '(', 'Seeing', ')', '4', '.', 'Tongue', '(', 'Tasting', ')', '2', '.', 'Ear', '(', 'Hearing', ')', '5', '.', 'Body', '(', 'Touching', ')', '3', '.', 'Nose', '(', 'Smelling', ')', '6', '.', 'Mind', 'Experience', 'is', 'felt', 'as', 'one', 'of', 'three', 'tones', '1', '.', 'Pleasant', '2', '.', 'Unpleasant', '3', '.', 'Neutral', 'THE', 'FIVE', 'PRECEPTS', 'An', 'ethical', 'life', 'is', 'founded', 'on', 'these', 'standards', 'of', 'conduct', 'To', 'refrain', 'from', '1', '.', 'Killing', '2', '.', 'Stealing', '3', '.', 'Sexual', 'Misconduct', '4', ',', 'False', ',', 'harsh', ',', 'and', 'idle', 'speech', '5', '.', 'Intoxicants', 'that', 'cloud', 'the', 'mind', 'THE', 'FIVE', 'HINDRANCES', 'These', 'are', 'the', 'classical', 'hindrances', 'to', 'meditation', 'practice', '1', '.', 'Desire', ',', 'clinging', ',', 'craving', '2', '.', 'Aversion', ',', 'anger', ',', 'hatred', '3', '.', 'Sleepiness', ',', 'sloth', '4', ',', 'Restlessness', '5', '.', 'Doubt', '(', 'minimal', 'edition', ')', 'THE', 'SEVEN', 'POINTS', 'OF', 'POSTURE', 'Attend', 'to', 'each', 'in', 'turn', 'when', 'you', 'first', 'take', 'your', 'meditation', 'seat', '.', 'if', 'you', 'become', 'uncomfortable', 'while', 'sitting', ',', 'you', 'may', 'go', 'through', 'these', 'points', 'again', '1', '.', 'Legs', '5S', '.', 'Hands', '2', '.', 'Shoulders', '6', '.', 'Tongue', '3', '.', 'Back', '7', '.', 'Head', '4', '.', 'Eyes', 'THE', 'FOUR', 'METTA', 'PHRASES', 'Send', 'loving', 'kindness', 'to', 'yourself', 'and', 'others', 'by', 'using', 'these', 'phrases', 'or', 'words', 'that', 'have', 'personal', 'meaning', 'for', 'you', '1', '.', 'May', '|', 'be', 'free', 'from', 'danger', '2', '.', 'May', 'I', 'be', 'happy', '3', '.', 'May', '|', 'be', 'healthy', '4', '.', 'May', '|', 'love', 'with', 'ease', 'THE', 'FOUR', 'BRAHMA-VIHARAS', 'These', 'four', '“', 'best', 'abodes', '”', 'reflect', 'the', 'mind', 'state', 'of', 'enlightenment', '1', '.', 'Loving', 'Kindness', '2', '.', 'Compassion', '3', '.', 'Joy', '4', '.', 'Equanimity', 'THE', 'SIX', 'STAGES', 'OF', 'METTA', 'Expand', 'your', 'circle', 'of', 'loving', 'kindness', 'by', 'starting', 'with', 'yourself', 'and', 'moving', 'gradually', 'outward', '1', '.', 'Yourself', '4', '.', 'Adifficult', 'person', '2', '.', 'Agood', 'friend', '5', '.', 'All', 'four', '3', '.', 'Aneutral', 'person', '6', '.', 'The', 'entire', 'universe']"
https://i.redd.it/3zudchghkaed1.jpeg,"""This life sucks so much,
I wish I was in a past life""

THEIR PAST LIFE:","['``', 'This', 'life', 'sucks', 'so', 'much', ',', 'I', 'wish', 'I', 'was', 'in', 'a', 'past', 'life', ""''"", 'THEIR', 'PAST', 'LIFE', ':']"
https://i.redd.it/w0cuwvrhiucc1.jpeg,"—\
= Quick Daily
Buddhist Practice

GD Take Refuge in the Triple Gem

""| take refuge in the Buddha, | take refuge
in the Dharma, | take refuge in the Sangha”

® Recite the Five Precepts

""| will refrain from taking life, | will refrain from stealing or
taking what is not freely given, | will refrain from sexual
misconduct, | will refrain from false speech, and | will refrain
from consuming intoxicants and illegal drugs.”

3] Recite the Five Remembrances

""Lam subject to aging. There is no way to avoid aging.
""Lam subject to il] health. There is no way to avoid illness.
""Lam going to die.There is no way to avoid death.
""Everyone and everything that | love will change, and |
will be separated from them.

""My only true possessions are my actions, and | cannot
escape their consequences.”

4) Chant or Read a Sutra

Heart SGtra, Lotus Sdtra, Fire Sermon, etc.

5] Meditate for 10 Minutes (or Longer)

Keep your spinal column straight, and relax every
muscle in your body. A basic meditation technique
is to count the breath: one count for each
inhalation, and one count for each exhalation.
Count to ten, and start over. Observe any thoughts
that arise in the mind, and let them go. Maintain
awareness of the breath as you quiet the mind.

6 Dedicate Merits of Practice

""For all sentient beings, | dedicate the meritorious
actions of this practice so they may be guided

and liberated from delusion and suffering with
the light of the Buddha's Dharma.""

ALANPETO.COM / @ALANPETO y <","['—\\', '=', 'Quick', 'Daily', 'Buddhist', 'Practice', 'GD', 'Take', 'Refuge', 'in', 'the', 'Triple', 'Gem', ""''"", '|', 'take', 'refuge', 'in', 'the', 'Buddha', ',', '|', 'take', 'refuge', 'in', 'the', 'Dharma', ',', '|', 'take', 'refuge', 'in', 'the', 'Sangha', '”', '®', 'Recite', 'the', 'Five', 'Precepts', ""''"", '|', 'will', 'refrain', 'from', 'taking', 'life', ',', '|', 'will', 'refrain', 'from', 'stealing', 'or', 'taking', 'what', 'is', 'not', 'freely', 'given', ',', '|', 'will', 'refrain', 'from', 'sexual', 'misconduct', ',', '|', 'will', 'refrain', 'from', 'false', 'speech', ',', 'and', '|', 'will', 'refrain', 'from', 'consuming', 'intoxicants', 'and', 'illegal', 'drugs.', '”', '3', ']', 'Recite', 'the', 'Five', 'Remembrances', ""''"", 'Lam', 'subject', 'to', 'aging', '.', 'There', 'is', 'no', 'way', 'to', 'avoid', 'aging', '.', '``', 'Lam', 'subject', 'to', 'il', ']', 'health', '.', 'There', 'is', 'no', 'way', 'to', 'avoid', 'illness', '.', '``', 'Lam', 'going', 'to', 'die.There', 'is', 'no', 'way', 'to', 'avoid', 'death', '.', '``', 'Everyone', 'and', 'everything', 'that', '|', 'love', 'will', 'change', ',', 'and', '|', 'will', 'be', 'separated', 'from', 'them', '.', '``', 'My', 'only', 'true', 'possessions', 'are', 'my', 'actions', ',', 'and', '|', 'can', 'not', 'escape', 'their', 'consequences.', '”', '4', ')', 'Chant', 'or', 'Read', 'a', 'Sutra', 'Heart', 'SGtra', ',', 'Lotus', 'Sdtra', ',', 'Fire', 'Sermon', ',', 'etc', '.', '5', ']', 'Meditate', 'for', '10', 'Minutes', '(', 'or', 'Longer', ')', 'Keep', 'your', 'spinal', 'column', 'straight', ',', 'and', 'relax', 'every', 'muscle', 'in', 'your', 'body', '.', 'A', 'basic', 'meditation', 'technique', 'is', 'to', 'count', 'the', 'breath', ':', 'one', 'count', 'for', 'each', 'inhalation', ',', 'and', 'one', 'count', 'for', 'each', 'exhalation', '.', 'Count', 'to', 'ten', ',', 'and', 'start', 'over', '.', 'Observe', 'any', 'thoughts', 'that', 'arise', 'in', 'the', 'mind', ',', 'and', 'let', 'them', 'go', '.', 'Maintain', 'awareness', 'of', 'the', 'breath', 'as', 'you', 'quiet', 'the', 'mind', '.', '6', 'Dedicate', 'Merits', 'of', 'Practice', ""''"", 'For', 'all', 'sentient', 'beings', ',', '|', 'dedicate', 'the', 'meritorious', 'actions', 'of', 'this', 'practice', 'so', 'they', 'may', 'be', 'guided', 'and', 'liberated', 'from', 'delusion', 'and', 'suffering', 'with', 'the', 'light', 'of', 'the', 'Buddha', ""'s"", 'Dharma', '.', ""''"", 'ALANPETO.COM', '/', '@', 'ALANPETO', 'y', '<']"
https://i.redd.it/ge4lwr5azsrc1.jpeg,"gsaNiddvH 1 sds 1NsON

Zz

In the

Buddha's
Words

| An Anthology of Discourses
from the Pali Canon

¥
Edited and immeduced by

Bhikkhu Bodhi

>F =
= Z
10
2) 4
3 |= =
= z
~\ >= 2
= z
= >
ZY S
ma 2
y
As

BRYYL AWN a

IS JOSEPH SAUNDER §

) Loving Memory","['gsaNiddvH', '1', 'sds', '1NsON', 'Zz', 'In', 'the', 'Buddha', ""'s"", 'Words', '|', 'An', 'Anthology', 'of', 'Discourses', 'from', 'the', 'Pali', 'Canon', '¥', 'Edited', 'and', 'immeduced', 'by', 'Bhikkhu', 'Bodhi', '>', 'F', '=', '=', 'Z', '10', '2', ')', '4', '3', '|=', '=', '=', 'z', '~\\', '>', '=', '2', '=', 'z', '=', '>', 'ZY', 'S', 'ma', '2', 'y', 'As', 'BRYYL', 'AWN', 'a', 'IS', 'JOSEPH', 'SAUNDER', '§', ')', 'Loving', 'Memory']"
https://i.redd.it/iermaqwokizc1.png,"Sign Up for Our Daily Newsletter

‘SEPTEMBER 1,2019 | 6 MINREAD
The Search for Social Identity Leads to ‘Us’ versus
‘Them’

Uncertainty in the world threatens our sense of self. To cope, people embrace
populism

BY MICHAEL A, HOGG","['Sign', 'Up', 'for', 'Our', 'Daily', 'Newsletter', '‘', 'SEPTEMBER', '1,2019', '|', '6', 'MINREAD', 'The', 'Search', 'for', 'Social', 'Identity', 'Leads', 'to', '‘', 'Us', '’', 'versus', '‘', 'Them', '’', 'Uncertainty', 'in', 'the', 'world', 'threatens', 'our', 'sense', 'of', 'self', '.', 'To', 'cope', ',', 'people', 'embrace', 'populism', 'BY', 'MICHAEL', 'A', ',', 'HOGG']"
https://i.redd.it/btjkq9gd5atc1.jpeg,"When another person makes you suffer, it
is because he suffers deeply within
himself, and his suffering is spilling over.
He does not need punishment; he needs
help. That's the message he is sending.
Rest in peace, Holy Thich Nhat Hanh!","['When', 'another', 'person', 'makes', 'you', 'suffer', ',', 'it', 'is', 'because', 'he', 'suffers', 'deeply', 'within', 'himself', ',', 'and', 'his', 'suffering', 'is', 'spilling', 'over', '.', 'He', 'does', 'not', 'need', 'punishment', ';', 'he', 'needs', 'help', '.', 'That', ""'s"", 'the', 'message', 'he', 'is', 'sending', '.', 'Rest', 'in', 'peace', ',', 'Holy', 'Thich', 'Nhat', 'Hanh', '!']"
https://i.redd.it/ein8dhlit8pc1.jpeg,"Kh
yy GP Pr
ef Word

eee,

RAIS

IN SO Slee : NEE) :
S\( EMU) a7
IN :

SA

y
Va? Xk Yj
WY ZN e SZ A WZ
ZS KES HRS YM Vee
ne ee
Zz NG WES

‘SW

TTELALEALE LLL","['Kh', 'yy', 'GP', 'Pr', 'ef', 'Word', 'eee', ',', 'RAIS', 'IN', 'SO', 'Slee', ':', 'NEE', ')', ':', 'S\\', '(', 'EMU', ')', 'a7', 'IN', ':', 'SA', 'y', 'Va', '?', 'Xk', 'Yj', 'WY', 'ZN', 'e', 'SZ', 'A', 'WZ', 'ZS', 'KES', 'HRS', 'YM', 'Vee', 'ne', 'ee', 'Zz', 'NG', 'WES', '‘', 'SW', 'TTELALEALE', 'LLL']"
https://i.redd.it/jfdx2k0nt2bd1.jpeg,"Ls % m

PRESIDENT AND CHIEF A
SALIOKYO SECT. JAPAN
ON ISTH NOVEL

ERECTED BY: TH

eT alert |
J Please Remove Your |
ee Shoes Here","['Ls', '%', 'm', 'PRESIDENT', 'AND', 'CHIEF', 'A', 'SALIOKYO', 'SECT', '.', 'JAPAN', 'ON', 'ISTH', 'NOVEL', 'ERECTED', 'BY', ':', 'TH', 'eT', 'alert', '|', 'J', 'Please', 'Remove', 'Your', '|', 'ee', 'Shoes', 'Here']"
https://i.redd.it/bownqgsiqwkc1.jpeg,"= = a —
:","['=', '=', 'a', '—', ':']"
https://i.redd.it/lsspku3o10qc1.jpeg,"SES

Betis ce

?

| You Can Learn With Us
TIBETAN THANGKA PAINTING.","['SES', 'Betis', 'ce', '?', '|', 'You', 'Can', 'Learn', 'With', 'Us', 'TIBETAN', 'THANGKA', 'PAINTING', '.']"
